Datum,Bewoelkung,Temperatur,Windgeschwindigkeit,Wettercode,Wettercodekategorie
2012-01-01,8,9.825,14,58,6
2012-01-02,7,74.375,12,,
2012-01-03,8,55.375,18,63,7
2012-01-04,4,56.875,19,80,9
2012-01-05,6,05. Mar,23,80,9
2012-01-06,3,2.625,10,,
2012-01-07,7,6.528.571,14,61,7
2012-01-08,7,59.625,10,80,9
2012-01-09,8,May 15,12,61,7
2012-01-10,6,61.125,10,,
2012-01-11,6,78.625,16,51,6
2012-01-12,7,74.375,25,61,7
2012-01-13,2,04. Aug,18,,
2012-01-14,3,28.875,10,,
2012-01-15,1,2.225,6,,
2012-01-16,8,30.625,6,61,7
2012-01-17,6,44.875,10,,
2012-01-18,7,Feb 35,12,51,6
2012-01-19,8,52.625,16,80,9
2012-01-20,6,34.375,12,26,3
2012-01-21,7,35.375,16,68,7
2012-01-22,6,37.875,12,21,3
2012-01-23,5,22.125,4,10,2
2012-01-24,3,17.625,6,,
2012-01-25,3,-0.1875,8,,
2012-01-26,2,0.3625,12,,
2012-01-27,8,-1,10,71,8
2012-01-28,6,-13.875,10,10,2
2012-01-29,7,-31.625,8,71,8
2012-01-30,3,-2.275,12,,
2012-01-31,1,-2.375,18,,
2012-02-01,7,-1.825,16,71,8
2012-02-02,6,-5.85,8,85,9
2012-02-03,4,-5.85,14,3,1
2012-02-04,4,-75.375,10,71,8
2012-02-05,5,-77.125,8,,
2012-02-06,4,-10.25,6,10,2
2012-02-07,6,-3,18,71,8
2012-02-08,6,-27.625,10,,
2012-02-09,6,-16.625,21,3,1
2012-02-10,6,-28.125,8,71,8
2012-02-11,7,-4.575,8,78,8
2012-02-12,8,-12.375,16,72,8
2012-02-13,6,-2.325,8,10,2
2012-02-14,8,01. Mar,10,47,5
2012-02-15,1,48.625,18,,
2012-02-16,7,29.625,10,61,7
2012-02-17,5,55.625,14,,
2012-02-18,8,6.175,14,61,7
2012-02-19,4,04. Feb,18,25,3
2012-02-20,5,41.125,14,,
2012-02-21,8,Apr 95,14,58,6
2012-02-22,7,7.175,18,51,6
2012-02-23,6,84.125,18,,
2012-02-24,7,Aug 35,19,20,3
2012-02-25,6,6.525,19,61,7
2012-02-26,1,4.675,8,,
2012-02-27,8,3.725,12,61,7
2012-02-28,8,7.675,14,51,6
2012-02-29,8,7.775,10,47,5
2012-03-01,6,7.625,12,43,5
2012-03-02,7,59.125,6,28,3
2012-03-03,5,70.375,14,,
2012-03-04,7,4.675,8,,
2012-03-05,7,4.875,10,,
2012-03-06,4,45.125,10,,
2012-03-07,7,04. May,10,61,7
2012-03-08,2,75.125,14,,
2012-03-09,8,7.825,14,10,2
2012-03-10,6,08. Jul,19,10,2
2012-03-11,6,Aug 95,14,,
2012-03-12,5,90.125,18,,
2012-03-13,6,Sep 95,16,1,1
2012-03-14,7,77.875,10,,
2012-03-15,6,07. Apr,8,,
2012-03-16,3,120.375,14,10,2
2012-03-17,6,9.775,14,10,2
2012-03-18,7,98.375,16,61,7
2012-03-19,4,81.125,18,,
2012-03-20,7,80.875,18,51,6
2012-03-21,5,12.625,16,,
2012-03-22,0,127.625,6,2,1
2012-03-23,0,134.875,6,,
2012-03-24,5,78.375,8,10,2
2012-03-25,0,131.375,10,1,1
2012-03-26,7,84.875,8,51,6
2012-03-27,4,15. May,10,,
2012-03-28,3,148.375,18,5,1
2012-03-29,6,89.875,19,21,3
2012-03-30,3,99.625,18,1,1
2012-03-31,4,61.125,19,61,7
2012-04-01,7,6.525,19,25,3
2012-04-02,7,55.875,16,,
2012-04-03,7,03. Mar,10,22,3
2012-04-04,7,45.875,18,21,3
2012-04-05,1,56.375,10,,
2012-04-06,7,06. Feb,18,61,7
2012-04-07,4,37.125,19,,
2012-04-08,2,May 75,10,,
2012-04-09,8,65.125,10,58,6
2012-04-10,8,105.875,10,61,7
2012-04-11,7,10.475,12,,
2012-04-12,6,9.575,12,81,9
2012-04-13,7,8.725,10,,
2012-04-14,6,88.125,8,25,3
2012-04-15,7,8.075,10,21,3
2012-04-16,4,07. May,16,80,9
2012-04-17,5,80.375,12,,
2012-04-18,6,96.125,10,,
2012-04-19,2,142.375,14,,
2012-04-20,6,9.225,10,95,10
2012-04-21,6,12. Feb,10,91,10
2012-04-22,6,99.875,10,80,9
2012-04-23,6,Sep 95,10,81,9
2012-04-24,7,10,8,61,7
2012-04-25,6,116.375,12,,
2012-04-26,6,141.875,14,60,7
2012-04-27,5,14.925,12,25,3
2012-04-28,6,95.125,18,61,7
2012-04-29,7,114.625,23,,
2012-04-30,3,162.375,8,,
2012-05-01,5,134.125,19,,
2012-05-02,1,13.45,12,,
2012-05-03,6,16. Jun,8,,
2012-05-04,7,Dec 65,10,80,9
2012-05-05,2,10. May,8,,
2012-05-06,5,08. Jun,8,,
2012-05-07,7,7.575,6,61,7
2012-05-08,6,16.075,8,,
2012-05-09,6,16.85,10,81,9
2012-05-10,7,17.85,12,61,7
2012-05-11,5,16.525,19,,
2012-05-12,5,93.875,23,80,9
2012-05-13,6,110.125,10,,
2012-05-14,6,14.525,12,,
2012-05-15,7,Nov 45,10,,
2012-05-16,6,88.875,19,80,9
2012-05-17,4,108.125,18,3,1
2012-05-18,6,162.125,10,,
2012-05-19,5,177.625,6,,
2012-05-20,6,18.475,10,,
2012-05-21,5,18.514.285,14,,
2012-05-22,4,19. Feb,12,,
2012-05-23,4,182.375,14,,
2012-05-24,0,188.625,12,,
2012-05-25,0,19.85,10,,
2012-05-26,4,21.45,8,,
2012-05-27,1,19.875,10,,
2012-05-28,2,228.375,14,,
2012-05-29,4,15.35,12,,
2012-05-30,6,129.375,14,,
2012-05-31,7,132.625,10,61,7
2012-06-01,4,128.875,19,25,3
2012-06-02,4,124.625,16,25,3
2012-06-03,7,Dec 35,12,,
2012-06-04,7,132.125,14,,
2012-06-05,5,132.125,16,25,3
2012-06-06,7,138.375,10,61,7
2012-06-07,7,151.875,10,51,6
2012-06-08,4,193.375,12,95,10
2012-06-09,6,14. Jun,14,61,7
2012-06-10,6,15,16,51,6
2012-06-11,3,16.525,8,,
2012-06-12,7,141.125,6,63,7
2012-06-13,4,151.625,12,,
2012-06-14,6,14. May,12,,
2012-06-15,7,183.125,8,63,7
2012-06-16,6,184.625,10,25,3
2012-06-17,6,169.625,14,25,3
2012-06-18,6,195.875,19,95,10
2012-06-19,6,173.125,6,,
2012-06-20,6,17.65,12,,
2012-06-21,4,185.125,16,,
2012-06-22,4,18.325,14,29,3
2012-06-23,6,168.875,12,80,9
2012-06-24,8,12.875,12,63,7
2012-06-25,6,138.875,18,80,9
2012-06-26,6,14. Mar,18,20,3
2012-06-27,8,145.625,10,,
2012-06-28,6,182.625,8,,
2012-06-29,6,22.75,8,95,10
2012-06-30,5,231.375,10,,
2012-07-01,4,195.125,14,,
2012-07-02,6,194.375,10,,
2012-07-03,3,205.375,12,,
2012-07-04,5,19.95,12,,
2012-07-05,7,172.625,12,10,2
2012-07-06,7,185.375,10,60,7
2012-07-07,7,207.875,4,,
2012-07-08,5,22.975,10,95,10
2012-07-09,7,16. May,16,61,7
2012-07-10,6,18.825,14,1,1
2012-07-11,6,17.15,14,29,3
2012-07-12,5,154.875,14,81,9
2012-07-13,6,170.875,6,21,3
2012-07-14,6,179.125,19,25,3
2012-07-15,5,16.375,16,25,3
2012-07-16,5,16.875,16,80,9
2012-07-17,5,171.375,18,80,9
2012-07-18,7,16.95,6,63,7
2012-07-19,7,158.125,16,81,9
2012-07-20,6,15.25,16,80,9
2012-07-21,6,161.625,16,,
2012-07-22,4,18.325,12,,
2012-07-23,2,22.483.333,12,,
2012-07-25,1,25.65,8,,
2012-07-26,1,225.875,8,,
2012-07-27,1,26.075,10,,
2012-07-28,7,18.95,14,63,7
2012-07-29,7,160.375,8,61,7
2012-07-30,6,151.875,10,95,10
2012-07-31,5,171.625,12,,
2012-08-01,6,210.625,6,,
2012-08-02,6,22.725,10,29,3
2012-08-03,4,206.875,10,91,10
2012-08-04,6,18.225,6,61,7
2012-08-05,6,216.125,4,,
2012-08-06,5,19.575,16,80,9
2012-08-07,6,173.125,14,80,9
2012-08-08,4,17. Sep,16,80,9
2012-08-09,5,18.35,12,,
2012-08-10,6,17. Mar,14,25,3
2012-08-11,2,18.85,10,,
2012-08-12,1,197.875,12,,
2012-08-13,2,200.375,14,,
2012-08-14,2,201.625,12,,
2012-08-15,1,20. Apr,14,,
2012-08-16,6,17.325,10,63,7
2012-08-17,5,219.375,8,,
2012-08-18,6,27.525,8,,
2012-08-19,2,26.875,8,,
2012-08-20,3,26.15,16,,
2012-08-21,6,208.125,6,,
2012-08-22,4,200.125,18,,
2012-08-23,5,198.375,18,80,9
2012-08-24,7,162.625,4,61,7
2012-08-25,6,188.625,8,80,9
2012-08-26,6,17.325,14,95,10
2012-08-27,2,178.625,12,,
2012-08-28,7,195.875,8,61,7
2012-08-29,4,206.625,8,3,1
2012-08-30,7,192.375,6,,
2012-08-31,3,172.875,14,,
2012-09-01,6,16. Jun,12,,
2012-09-02,6,19.15,14,,
2012-09-03,4,19.475,12,,
2012-09-04,4,205.375,14,,
2012-09-05,6,171.375,14,80,9
2012-09-06,7,161.125,14,,
2012-09-07,7,16.125,12,58,6
2012-09-08,5,184.625,16,51,6
2012-09-09,4,21.075,6,,
2012-09-10,4,23.125,12,,
2012-09-11,7,170.875,12,61,7
2012-09-12,4,139.625,12,80,9
2012-09-13,3,15. Jan,8,,
2012-09-14,8,137.125,16,61,7
2012-09-15,6,15.625,18,80,9
2012-09-16,3,18.35,12,,
2012-09-17,4,174.375,14,25,3
2012-09-18,6,150.375,14,80,9
2012-09-19,5,106.375,16,81,9
2012-09-20,6,114.875,12,80,9
2012-09-21,7,14.25,14,21,3
2012-09-22,5,11. May,14,25,3
2012-09-23,4,13.65,10,,
2012-09-24,8,104.125,16,61,7
2012-09-25,7,14.925,10,80,9
2012-09-26,7,125.625,6,61,7
2012-09-27,7,13. Feb,10,61,7
2012-09-28,6,135.625,12,,
2012-09-29,5,132.625,16,25,3
2012-09-30,4,13.875,14,25,3
2012-10-01,7,138.625,10,,
2012-10-02,6,151.625,10,10,2
2012-10-03,7,14.175,12,65,7
2012-10-04,7,Oct 45,10,80,9
2012-10-05,7,97.375,14,61,7
2012-10-08,4,124.375,12,80,9
2012-10-09,1,109.875,19,80,9
2012-10-10,5,10. Jan,12,80,9
2012-10-11,4,114.375,6,,
2012-10-12,6,101.375,10,61,7
2012-10-15,6,95.875,10,51,6
2012-10-16,7,108.875,12,61,7
2012-10-17,7,12. Jan,12,21,3
2012-10-18,6,16.775,8,,
2012-10-19,3,19.35,6,,
2012-10-22,8,12.675,8,10,2
2012-10-23,8,118.875,8,51,6
2012-10-24,8,109.875,6,51,6
2012-10-25,6,87.375,16,80,9
2012-10-26,5,51.875,8,,
2012-10-29,8,3.625,14,61,7
2012-10-30,4,70.625,8,25,3
2012-10-31,6,Jul 95,10,10,2
2012-11-01,7,58.125,10,,
2012-11-02,7,7.475,12,21,3
2012-11-05,7,65.875,10,61,7
2012-11-06,6,Jul 45,14,80,9
2012-11-07,7,10. Mar,16,51,6
2012-11-08,7,96.625,16,80,9
2012-11-09,7,09. May,8,20,3
2012-11-12,6,73.125,12,80,9
2012-11-13,7,07. Feb,8,10,2
2012-11-14,8,96.625,6,10,2
2012-11-15,7,87.125,6,5,1
2012-11-16,7,-0.275,6,10,2
2012-11-19,3,6.125,8,3,1
2012-11-20,6,7.675,8,10,2
2012-11-21,8,61.875,12,10,2
2012-11-22,4,09. Jan,14,3,1
2012-11-23,7,06. Jul,10,61,7
2012-11-26,6,81.625,10,,
2012-11-27,7,7.625,8,20,3
2012-11-28,8,5.325,8,51,6
2012-11-29,7,34.625,14,61,7
2012-11-30,2,0.725,10,,
2012-12-03,8,1.033.333,8,10,2
2012-12-04,7,1.375,8,69,7
2012-12-05,2,-47.875,10,,
2012-12-06,1,-4.45,8,,
2012-12-07,4,-17.875,8,10,2
2012-12-10,8,0.1875,18,71,8
2012-12-11,6,-18.625,14,,
2012-12-12,3,-57.375,4,10,2
2012-12-13,7,-20.625,4,78,8
2012-12-14,7,-26.875,10,10,2
2012-12-17,8,41.875,4,47,5
2012-12-18,8,36.375,10,61,7
2012-12-19,7,28.625,6,20,3
2012-12-20,7,20.875,12,5,1
2012-12-21,7,-0.2125,10,13,2
2013-04-30,3,11.116.666,15,0,1
2013-05-01,0,09. Sep,11,,
2013-05-02,1,110.375,12,,
2013-05-03,0,129.125,9,,
2013-05-04,0,17.95,18,,
2013-05-05,3,162.125,10,,
2013-05-06,0,15.675,8,,
2013-05-07,1,174.125,10,21,3
2013-05-08,4,188.125,9,21,3
2013-05-09,7,16.125,11,21,3
2013-05-10,5,15. May,12,21,3
2013-05-11,7,154.125,11,,
2013-05-12,7,117.125,12,61,7
2013-05-13,7,114.375,10,65,7
2013-05-14,5,12. Jun,10,21,3
2013-05-15,4,205.375,10,61,7
2013-05-16,0,161.625,13,5,1
2013-05-17,0,213.125,11,5,1
2013-05-18,7,13.85,12,10,2
2013-05-19,8,13. May,5,20,3
2013-05-20,7,15.775,8,21,3
2013-05-21,7,12.525,9,65,7
2013-05-22,7,90.625,23,63,7
2013-05-23,5,10.525,8,61,7
2013-05-24,5,12. May,8,61,7
2013-05-25,7,113.375,11,63,7
2013-05-26,7,141.625,15,63,7
2013-05-27,6,147.875,10,,
2013-05-28,6,15. Apr,10,20,3
2013-05-29,7,136.625,14,61,7
2013-05-30,4,16.125,11,21,3
2013-05-31,3,17.65,12,,
2013-06-01,3,203.875,10,21,3
2013-06-02,2,14.975,18,,
2013-06-03,0,17.35,13,,
2013-06-04,3,171.625,15,,
2013-06-05,4,190.875,9,,
2013-06-06,0,20.85,12,,
2013-06-07,0,19. Jul,8,,
2013-06-08,1,169.625,9,,
2013-06-09,4,158.875,7,,
2013-06-10,2,17.725,8,0,1
2013-06-11,2,166.625,9,,
2013-06-12,5,22.35,7,,
2013-06-14,2,167.125,16,0,1
2013-06-15,6,170.875,27,61,7
2013-06-16,7,155.875,16,21,3
2013-06-17,0,17. Sep,8,,
2013-06-18,1,20. May,10,0,1
2013-06-19,6,235.375,10,63,7
2013-06-20,2,218.375,10,,
2013-06-21,7,19.575,14,63,7
2013-06-22,6,197.375,10,,
2013-06-23,6,175.375,10,21,3
2013-06-24,7,15.95,12,63,7
2013-06-25,7,15.175,10,21,3
2013-06-26,7,13.825,18,61,7
2013-06-27,7,Dec 55,10,61,7
2013-06-28,7,13. May,10,61,7
2013-06-29,6,148.375,16,61,7
2013-06-30,7,140.125,15,63,7
2013-07-01,6,178.375,15,20,3
2013-07-02,3,173.125,10,,
2013-07-03,7,21.075,6,61,7
2013-07-04,7,18.85,7,20,3
2013-07-05,5,19.975,12,,
2013-07-06,0,189.625,8,,
2013-07-07,0,21.375,9,,
2013-07-08,0,22.725,10,5,1
2013-07-09,0,23.275,8,,
2013-07-10,2,196.875,13,5,1
2013-07-11,0,21.375,12,5,1
2013-07-12,0,202.875,7,,
2013-07-13,1,20.125,12,,
2013-07-14,5,176.875,15,5,1
2013-07-15,6,187.375,12,,
2013-07-16,1,211.875,10,,
2013-07-17,5,225.125,8,,
2013-07-18,1,23.25,11,5,1
2013-07-19,3,22.475,16,5,1
2013-07-20,0,231.875,8,,
2013-07-21,0,26.375,8,,
2013-07-22,0,26. Jan,9,,
2013-07-23,0,24.95,12,,
2013-07-24,3,24.075,11,,
2013-07-25,2,230.875,9,,
2013-07-26,3,272.625,6,,
2013-07-27,1,261.625,10,,
2013-07-28,4,248.875,13,61,7
2013-07-29,1,227.875,10,,
2013-07-30,5,21.075,13,21,3
2013-07-31,5,20.275,16,65,7
2013-08-01,6,23. Apr,7,21,3
2013-08-02,0,314.375,7,,
2013-08-03,4,233.625,11,63,7
2013-08-04,3,23. May,8,,
2013-08-05,0,25. Aug,10,,
2013-08-06,5,22.225,13,,
2013-08-07,4,192.125,8,,
2013-08-08,7,16.975,12,20,3
2013-08-09,4,203.375,10,21,3
2013-08-10,7,193.625,12,61,7
2013-08-11,7,163.875,9,61,7
2013-08-12,7,16.45,11,63,7
2013-08-13,3,16. Apr,16,95,10
2013-08-14,4,182.625,18,61,7
2013-08-15,3,19. Aug,8,,
2013-08-16,4,23.575,11,0,1
2013-08-17,6,20.55,7,0,1
2013-08-18,7,185.875,10,63,7
2013-08-19,5,184.875,8,,
2013-08-20,7,17.775,8,61,7
2013-08-21,5,20.125,8,,
2013-08-22,4,216.625,8,,
2013-08-23,1,220.375,14,,
2013-08-24,0,20.85,16,5,1
2013-08-25,0,213.875,16,5,1
2013-08-26,0,20.125,15,5,1
2013-08-27,1,210.875,12,,
2013-08-28,0,21. Mar,7,,
2013-08-29,3,202.125,11,,
2013-08-30,6,197.875,8,5,1
2013-08-31,5,18.35,16,21,3
2013-09-01,7,158.625,16,61,7
2013-09-02,7,16.575,17,63,7
2013-09-03,7,18.225,11,21,3
2013-09-04,7,18.125,5,,
2013-09-05,0,21. Jul,8,,
2013-09-06,0,24. Jul,9,,
2013-09-07,6,227.625,7,,
2013-09-08,7,201.625,8,61,7
2013-09-09,8,11.575,11,63,7
2013-09-10,6,135.875,11,65,7
2013-09-11,6,13. Sep,8,61,7
2013-09-12,6,161.125,6,61,7
2013-09-13,6,174.375,5,21,3
2013-09-14,5,17.625,10,63,7
2013-09-15,7,148.625,10,21,3
2013-09-16,3,131.375,13,21,3
2013-09-17,5,131.375,10,63,7
2013-09-18,4,13. May,9,,
2013-09-19,5,148.375,11,63,7
2013-09-20,7,13.525,6,,
2013-09-21,7,15.35,9,,
2013-09-22,6,171.375,14,21,3
2013-09-23,7,173.125,14,21,3
2013-09-24,8,157.375,10,,
2013-09-25,6,135.375,7,61,7
2013-09-26,1,129.875,12,,
2013-09-27,5,130.125,8,21,3
2013-09-28,0,13. Jan,8,,
2013-09-29,3,14.175,12,,
2013-09-30,1,12.825,14,,
2013-10-01,0,129.125,13,5,1
2013-10-02,1,12. Jul,10,,
2013-10-03,0,117.625,12,5,1
2013-10-04,5,11. Feb,8,63,7
2013-10-05,7,15.575,8,20,3
2013-10-06,7,15.25,6,,
2013-10-07,1,16.275,7,,
2013-10-08,6,151.125,8,61,7
2013-10-09,7,143.125,10,21,3
2013-10-10,5,10.975,6,,
2013-10-11,7,138.625,20,10,2
2013-10-12,8,13.025,21,63,7
2013-10-13,5,108.625,5,,
2013-10-14,2,12.525,6,,
2013-10-15,7,106.625,4,63,7
2013-10-16,8,12.275,7,,
2013-10-17,7,12,15,65,7
2013-10-18,1,9.075,9,,
2013-10-19,7,Sep 45,9,,
2013-10-20,7,151.875,8,21,3
2013-10-21,7,142.625,8,61,7
2013-10-22,2,176.375,7,,
2013-10-23,6,17.675,9,,
2013-10-24,5,126.875,12,61,7
2013-10-25,7,118.875,7,61,7
2013-10-26,5,16.775,10,21,3
2013-10-27,6,149.875,16,65,7
2013-10-28,7,143.625,29,63,7
2013-10-29,7,10.775,17,63,7
2013-10-30,6,104.375,10,61,7
2013-10-31,5,111.625,13,21,3
2013-11-01,8,10.625,9,63,7
2013-11-02,8,88.875,3,63,7
2013-11-03,6,10. Jul,15,21,3
2013-11-04,7,68.375,7,63,7
2013-11-05,4,08. Sep,12,61,7
2013-11-06,4,81.375,12,63,7
2013-11-07,6,09. May,10,61,7
2013-11-08,3,9.325,9,,
2013-11-09,5,07. Jul,16,63,7
2013-11-10,2,69.875,12,63,7
2013-11-11,2,83.125,5,,
2013-11-12,7,59.375,9,61,7
2013-11-13,1,08. Aug,12,0,1
2013-11-14,5,69.375,9,21,3
2013-11-15,7,Jun 45,6,21,3
2013-11-16,8,8.875,12,,
2013-11-17,2,88.875,8,0,1
2013-11-18,7,Jun 65,5,63,7
2013-11-19,8,58.375,8,61,7
2013-11-20,6,Mar 85,6,,
2013-11-21,2,3.275,8,10,2
2013-11-22,7,5.375,10,21,3
2013-11-23,3,49.125,6,,
2013-11-24,0,04. Jun,16,,
2013-11-25,0,03. Jul,10,,
2013-11-26,2,23.125,6,,
2013-11-27,8,73.125,12,61,7
2013-11-28,2,8.025,18,,
2013-11-29,8,59.875,11,63,7
2013-11-30,7,5.525,10,20,3
2013-12-01,5,86.625,20,61,7
2013-12-02,0,30.625,4,10,2
2013-12-03,8,17.125,6,28,3
2013-12-04,7,May 85,11,63,7
2013-12-05,7,44.625,24,63,7
2013-12-06,6,17.875,25,73,8
2013-12-07,5,1,11,22,3
2013-12-08,8,6.975,16,63,7
2013-12-09,7,92.375,10,45,5
2013-12-10,7,71.875,8,61,7
2013-12-11,7,5.025,9,10,2
2013-12-12,8,2.525,8,28,3
2013-12-13,7,35.375,6,61,7
2013-12-14,7,30.125,7,61,7
2013-12-15,8,7.925,12,61,7
2013-12-16,8,8.775,12,,
2013-12-17,8,Apr 95,8,61,7
2013-12-18,7,Jun 85,8,10,2
2013-12-19,7,07. Apr,10,63,7
2013-12-20,7,52.875,10,61,7
2013-12-21,8,65.625,13,63,7
2013-12-22,7,81.375,12,61,7
2013-12-23,3,54.875,10,,
2013-12-24,7,114.375,18,61,7
2013-12-25,6,85.625,13,21,3
2013-12-26,6,3.775,6,28,3
2013-12-27,7,57.625,15,63,7
2013-12-28,7,70.625,9,21,3
2013-12-29,7,57.125,9,63,7
2013-12-30,4,Apr 75,11,10,2
2013-12-31,4,50.375,7,,
2014-01-01,5,45.125,8,63,7
2014-01-02,7,Jun 25,9,63,7
2014-01-03,7,68.375,10,63,7
2014-01-04,5,69.375,11,,
2014-01-05,7,61.875,11,63,7
2014-01-06,7,79.125,11,65,7
2014-01-07,7,104.375,13,,
2014-01-08,7,86.375,15,63,7
2014-01-09,7,96.125,16,61,7
2014-01-10,7,66.375,17,61,7
2014-01-11,7,55.875,18,63,7
2014-01-12,2,5.525,16,21,3
2014-01-13,8,31.375,10,69,7
2014-01-14,6,4.225,6,28,3
2014-01-15,7,3.228.571,7,28,3
2014-01-16,8,27.375,9,63,7
2014-01-17,7,67.375,4,61,7
2014-01-18,7,58.875,8,61,7
2014-01-19,7,28.625,19,10,2
2014-01-20,8,0.3875,13,61,7
2014-01-21,7,-0.65,7,77,8
2014-01-22,8,-31.125,14,22,3
2014-01-23,8,-31.875,11,22,3
2014-01-24,2,-51.625,13,10,2
2014-01-25,5,-70.375,8,,
2014-01-26,1,-8.475,10,10,2
2014-01-27,5,0.7,9,69,7
2014-01-28,7,-0.2625,10,10,2
2014-01-29,7,-5.05,13,77,8
2014-01-30,7,-44.875,8,77,8
2014-01-31,8,-36.875,7,10,2
2014-02-01,7,3.225,10,63,7
2014-02-02,0,54.875,8,,
2014-02-03,1,3.475,8,10,2
2014-02-04,5,3.925,6,10,2
2014-02-05,4,3.675,8,10,2
2014-02-06,7,7.875,11,20,3
2014-02-07,7,8.475,15,63,7
2014-02-08,7,62.875,12,61,7
2014-02-09,5,67.125,15,63,7
2014-02-10,2,66.375,9,,
2014-02-11,7,4.925,12,61,7
2014-02-12,4,06. Jan,13,10,2
2014-02-13,5,Jul 45,13,,
2014-02-14,5,52.125,9,10,2
2014-02-15,5,11. May,15,,
2014-02-16,7,60.625,17,63,7
2014-02-17,0,66.875,9,,
2014-02-18,7,07. Aug,8,10,2
2014-02-19,7,6.325,8,61,7
2014-02-20,6,09. Jan,11,10,2
2014-02-21,7,75.125,11,61,7
2014-02-22,7,5.925,11,21,3
2014-02-23,1,8.625,12,,
2014-02-24,1,94.125,11,,
2014-02-25,1,10.475,7,,
2014-02-26,5,101.875,8,,
2014-02-27,1,88.875,7,10,2
2014-02-28,7,61.875,6,61,7
2014-03-01,2,5.075,9,10,2
2014-03-02,6,65.625,9,10,2
2014-03-03,0,91.875,10,5,1
2014-03-04,7,66.875,7,10,2
2014-03-05,7,46.875,7,28,3
2014-03-06,3,8.925,9,10,2
2014-03-07,6,11.275,10,5,1
2014-03-08,0,99.375,6,,
2014-03-09,0,16. Apr,9,,
2014-03-10,0,15. Aug,9,,
2014-03-11,0,Jul 85,9,,
2014-03-12,0,102.125,8,0,1
2014-03-13,0,13.375,10,,
2014-03-14,1,96.125,10,,
2014-03-15,4,90.375,27,,
2014-03-16,7,93.375,24,61,7
2014-03-17,7,95.875,18,61,7
2014-03-18,7,96.875,16,21,3
2014-03-19,7,Sep 45,18,61,7
2014-03-20,0,162.625,13,,
2014-03-21,7,68.875,14,63,7
2014-03-22,5,Aug 85,11,63,7
2014-03-23,4,83.625,10,,
2014-03-24,3,75.625,7,,
2014-03-25,2,7.725,10,21,3
2014-03-26,5,Jul 85,11,21,3
2014-03-27,6,05. Jan,12,,
2014-03-28,8,05. Apr,12,10,2
2014-03-29,3,9.375,8,10,2
2014-03-30,0,112.625,8,28,3
2014-03-31,7,74.375,4,45,5
2014-04-01,8,57.625,13,10,2
2014-04-02,2,Dec 45,8,10,2
2014-04-03,3,76.125,15,10,2
2014-04-04,6,Jun 45,15,0,1
2014-04-05,8,9.825,5,61,7
2014-04-06,7,121.875,8,63,7
2014-04-07,7,157.875,10,63,7
2014-04-08,7,98.125,19,61,7
2014-04-09,7,101.875,20,21,3
2014-04-10,7,Sep 75,4,,
2014-04-11,6,120.625,10,,
2014-04-12,4,11. Feb,12,0,1
2014-04-13,6,110.125,21,,
2014-04-14,5,08. Sep,23,61,7
2014-04-15,0,99.125,15,,
2014-04-16,0,113.625,9,,
2014-04-17,5,14. Apr,14,,
2014-04-18,7,82.375,11,61,7
2014-04-19,1,11.125,13,5,1
2014-04-20,0,13.875,15,5,1
2014-04-21,4,13.425,15,0,1
2014-04-22,3,15.45,10,10,2
2014-04-23,8,9.825,11,21,3
2014-04-24,8,9.175,11,,
2014-04-25,0,135.625,12,,
2014-04-26,0,15.45,11,,
2014-04-27,0,16.225,16,,
2014-04-28,0,158.875,11,,
2014-04-29,0,180.875,8,0,1
2014-04-30,3,18,8,,
2014-05-01,4,104.875,14,,
2014-05-02,6,10.225,13,,
2014-05-03,3,118.625,13,,
2014-05-04,7,09. Jun,11,,
2014-05-05,8,107.125,6,21,3
2014-05-06,7,15.775,9,,
2014-05-07,4,142.125,15,65,7
2014-05-08,7,Dec 45,10,63,7
2014-05-09,6,123.875,10,61,7
2014-05-10,7,13.275,12,61,7
2014-05-11,7,115.625,12,63,7
2014-05-12,7,12. Jul,14,63,7
2014-05-13,7,115.625,15,21,3
2014-05-14,7,115.625,16,,
2014-05-15,2,137.875,8,,
2014-05-16,5,138.875,9,,
2014-05-17,0,16.625,8,0,1
2014-05-18,4,165.125,13,,
2014-05-19,6,137.625,8,61,7
2014-05-20,0,20.725,12,,
2014-05-21,2,268.625,8,,
2014-05-22,0,26.375,8,,
2014-05-23,7,180.125,12,65,7
2014-05-24,2,179.625,8,,
2014-05-25,2,204.625,11,,
2014-05-26,0,199.625,13,,
2014-05-27,7,128.875,21,21,3
2014-05-28,7,10. Feb,22,21,3
2014-05-29,4,12. Jul,14,,
2014-05-30,0,179.625,13,,
2014-05-31,3,159.125,15,,
2014-06-01,7,13.825,6,21,3
2014-06-02,0,17.625,9,,
2014-06-03,1,20,9,,
2014-06-04,1,214.875,14,,
2014-06-05,5,150.375,18,65,7
2014-06-06,3,193.125,12,,
2014-06-07,0,179.625,8,,
2014-06-08,6,22. Jan,12,21,3
2014-06-09,0,206.625,10,,
2014-06-10,1,257.875,9,,
2014-06-11,7,20. May,8,61,7
2014-06-12,4,19.55,12,,
2014-06-13,7,17.45,18,21,3
2014-06-14,1,189.125,13,,
2014-06-15,0,19.275,8,,
2014-06-16,6,183.125,10,0,1
2014-06-17,1,20.375,7,,
2014-06-18,3,19. Mar,13,,
2014-06-19,7,152.875,19,21,3
2014-06-20,7,159.875,16,,
2014-06-21,6,155.125,18,61,7
2014-06-22,5,15. Jul,19,,
2014-06-23,4,16. May,17,,
2014-06-24,7,143.625,7,21,3
2014-06-25,0,184.375,10,,
2014-06-26,6,17.575,8,63,7
2014-06-27,4,201.625,7,95,10
2014-06-28,6,169.625,6,95,10
2014-06-29,7,173.125,8,61,7
2014-06-30,3,183.375,12,,
2014-07-01,6,156.875,14,61,7
2014-07-02,6,171.125,15,,
2014-07-03,7,20. Apr,9,,
2014-07-04,0,269.375,10,,
2014-07-05,6,245.875,10,65,7
2014-07-06,5,252.375,6,,
2014-07-07,5,20. Aug,10,,
2014-07-08,7,19. Jun,15,63,7
2014-07-09,0,24.65,24,5,1
2014-07-10,0,24.757.142,18,0,1
2014-07-11,1,229.375,18,,
2014-07-12,0,20.375,12,,
2014-07-13,7,18. Jun,10,61,7
2014-07-14,7,19.45,15,63,7
2014-07-15,6,222.625,9,,
2014-07-16,6,194.125,7,,
2014-07-17,4,227.625,7,,
2014-07-18,1,26. May,10,,
2014-07-19,0,280.625,13,,
2014-07-20,3,243.125,15,,
2014-07-21,0,234.875,19,5,1
2014-07-22,0,249.875,14,,
2014-07-23,0,25,14,,
2014-07-24,0,248.375,11,,
2014-07-25,0,26.325,18,,
2014-07-26,6,22.375,10,21,3
2014-07-27,3,25.55,12,21,3
2014-07-28,0,247.625,7,,
2014-07-29,0,25.35,10,,
2014-07-30,6,22.925,12,,
2014-07-31,3,224.375,12,21,3
2014-08-01,1,26.725,8,,
2014-08-02,2,260.875,12,,
2014-08-03,5,230.875,9,63,7
2014-08-04,6,225.125,8,,
2014-08-05,5,230.875,10,,
2014-08-06,0,22.825,10,,
2014-08-07,7,203.125,6,61,7
2014-08-08,3,22.725,8,,
2014-08-09,6,20. Jan,17,61,7
2014-08-10,6,23. Jan,12,,
2014-08-11,4,20.075,13,21,3
2014-08-12,5,169.125,12,95,10
2014-08-13,2,209.375,10,,
2014-08-14,7,18. May,10,65,7
2014-08-15,6,183.625,8,61,7
2014-08-16,6,17. Feb,15,61,7
2014-08-17,7,15.65,13,61,7
2014-08-18,6,15. Feb,15,61,7
2014-08-19,6,140.875,12,61,7
2014-08-20,5,15.675,17,21,3
2014-08-21,5,162.625,11,21,3
2014-08-22,7,16.325,12,61,7
2014-08-23,4,159.875,11,21,3
2014-08-24,3,163.125,20,21,3
2014-08-25,5,147.875,13,65,7
2014-08-26,3,17.325,7,,
2014-08-27,1,19.875,9,,
2014-08-28,0,19.75,9,0,1
2014-08-29,5,19.125,12,63,7
2014-08-30,7,17.75,9,61,7
2014-08-31,7,16.375,8,21,3
2014-09-01,7,17.875,12,61,7
2014-09-02,2,18.375,13,,
2014-09-03,2,18.75,13,,
2014-09-04,0,20,15,,
2014-09-05,2,21.375,10,,
2014-09-06,2,24,5,,
2014-09-07,5,20,6,21,3
2014-09-08,4,17.375,12,21,3
2014-09-09,6,17.125,16,63,7
2014-09-10,2,18.625,12,,
2014-09-11,4,17.375,13,,
2014-09-12,1,18.25,11,,
2014-09-13,7,17,12,,
2014-09-14,7,17.625,14,61,7
2014-09-15,2,19.75,13,,
2014-09-16,0,20.125,13,,
2014-09-17,1,19.875,18,,
2014-09-18,0,20. May,13,,
2014-09-19,0,20.75,9,5,1
2014-09-20,3,19.375,7,10,2
2014-09-21,4,17,15,21,3
2014-09-22,6,13,17,21,3
2014-09-23,4,14.75,6,,
2014-09-24,7,15.375,10,63,7
2014-09-25,7,14. May,17,61,7
2014-09-26,7,16.75,13,61,7
2014-09-27,2,16.375,14,,
2014-09-28,4,18. May,7,,
2014-09-29,6,18.125,6,,
2014-09-30,7,16. May,5,61,7
2014-10-01,6,17.75,6,10,2
2014-10-02,6,18,6,,
2014-10-03,3,20,6,10,2
2014-10-04,0,18. May,8,5,1
2014-10-05,1,16.25,7,,
2014-10-06,2,15.75,15,10,2
2014-10-07,7,13,10,65,7
2014-10-08,6,14.125,10,61,7
2014-10-09,5,17.875,10,,
2014-10-10,4,16.375,10,,
2014-10-11,3,17,5,,
2014-10-12,5,15.125,7,20,3
2014-10-13,7,12.625,12,63,7
2014-10-14,6,14,5,61,7
2014-10-15,7,13.875,6,21,3
2014-10-16,7,13. May,6,61,7
2014-10-17,7,14.375,10,65,7
2014-10-18,7,15.25,7,21,3
2014-10-19,7,17.375,13,95,10
2014-10-20,6,14.625,18,61,7
2014-10-21,7,12. May,9,63,7
2014-10-22,6,13,12,0,1
2014-10-23,6,13.125,7,0,1
2014-10-24,7,13. May,9,,
2014-10-25,7,12.125,7,61,7
2014-10-26,5,Dec 75,9,0,1
2014-10-27,2,14. May,9,,
2014-10-28,0,13.875,8,,
2014-10-29,7,8.375,7,20,3
2014-10-30,2,10.625,5,10,2
2014-10-31,8,12.875,5,10,2
2014-11-01,2,16. May,8,0,1
2014-11-02,3,15.375,10,21,3
2014-11-03,4,13.75,12,0,1
2014-11-04,7,11.625,8,61,7
2014-11-05,7,09. May,11,61,7
2014-11-06,5,8.875,10,0,1
2014-11-07,0,8.625,9,10,2
2014-11-08,6,Oct 25,8,,
2014-11-09,3,10.625,8,,
2014-11-10,6,Aug 75,7,61,7
2014-11-11,2,8.625,7,10,2
2014-11-12,7,Sep 75,10,10,2
2014-11-13,7,Oct 75,4,28,3
2014-11-14,7,Oct 75,10,10,2
2014-11-15,8,Sep 25,14,10,2
2014-11-16,7,8,14,61,7
2014-11-17,7,9.625,7,10,2
2014-11-18,7,8.875,13,61,7
2014-11-19,7,08. May,11,61,7
2014-11-20,5,6.125,7,0,1
2014-11-21,6,06. May,5,61,7
2014-11-22,7,May 75,9,61,7
2014-11-23,6,Jun 75,7,21,3
2014-11-24,3,9.375,10,0,1
2014-11-25,0,6.875,4,0,1
2014-11-26,3,5.625,8,,
2014-11-27,0,04. May,10,10,2
2014-11-28,6,1.625,16,10,2
2014-11-29,8,1,10,5,1
2014-11-30,8,0,11,10,2
2014-12-01,7,-2,13,10,2
2014-12-02,8,-3,7,10,2
2014-12-03,7,0.625,10,10,2
2014-12-04,8,Mar 75,9,61,7
2014-12-05,7,2,7,61,7
2014-12-06,2,May 75,7,10,2
2014-12-07,7,4.875,12,61,7
2014-12-08,7,Mar 25,8,61,7
2014-12-09,8,2.125,9,45,5
2014-12-10,5,4.875,13,61,7
2014-12-11,7,4,12,95,10
2014-12-12,7,Jul 25,18,61,7
2014-12-13,5,Apr 75,10,61,7
2014-12-14,4,03. May,9,10,2
2014-12-15,7,Apr 75,11,61,7
2014-12-16,8,4.625,12,61,7
2014-12-17,7,3.625,10,61,7
2014-12-18,7,10,11,61,7
2014-12-19,5,8.125,15,61,7
2014-12-20,6,5.375,24,21,3
2014-12-21,6,6.625,14,21,3
2014-12-22,7,Sep 75,21,63,7
2014-12-23,7,9.125,19,61,7
2014-12-24,5,Jul 75,21,61,7
2014-12-25,7,3.125,17,71,8
2014-12-26,6,0,6,22,3
2014-12-27,3,-0.25,8,,
2014-12-28,1,-0.5,7,0,1
2014-12-29,5,0.75,10,0,1
2014-12-30,7,May 25,9,21,3
2014-12-31,6,7.375,11,61,7
2015-01-01,8,4.125,13,10,2
2015-01-02,6,Jul 75,24,61,7
2015-01-03,7,4.875,25,69,7
2015-01-04,0,Apr 75,15,,
2015-01-05,8,5.875,8,20,3
2015-01-06,8,3.625,8,10,2
2015-01-07,6,May 75,10,61,7
2015-01-08,8,6.375,9,61,7
2015-01-09,6,07. May,25,63,7
2015-01-10,6,10,28,61,7
2015-01-11,5,Apr 25,23,61,7
2015-01-12,7,07. May,19,61,7
2015-01-13,7,Jul 75,14,61,7
2015-01-14,6,3.125,16,71,8
2015-01-15,7,Jun 75,14,61,7
2015-01-16,6,Jun 75,13,0,1
2015-01-17,1,Apr 25,12,21,3
2015-01-18,8,2,9,61,7
2015-01-19,7,1,5,71,8
2015-01-20,7,-0.375,4,77,8
2015-01-21,8,-1.125,4,10,2
2015-01-22,7,-1.375,3,49,5
2015-01-23,8,-1.25,5,20,3
2015-01-24,7,-0.5,10,71,8
2015-01-25,6,2.875,6,,
2015-01-26,7,3.375,10,61,7
2015-01-27,2,4.875,13,,
2015-01-28,7,4.875,17,61,7
2015-01-29,7,01. May,12,75,8
2015-01-30,7,1.125,6,,
2015-01-31,7,-2.375,7,49,5
2015-02-01,7,-0.25,9,75,8
2015-02-02,6,1,10,22,3
2015-02-03,7,-1,10,77,8
2015-02-04,6,-1.875,9,0,1
2015-02-05,5,0.75,10,22,3
2015-02-06,2,-0.5,6,22,3
2015-02-07,7,4.125,18,20,3
2015-02-08,1,3.375,14,,
2015-02-09,7,6.875,13,61,7
2015-02-10,7,7.625,11,,
2015-02-11,8,4,5,,
2015-02-12,8,2,4,10,2
2015-02-13,8,Jan 25,6,10,2
2015-02-14,7,1.625,9,28,3
2015-02-15,7,3.125,16,10,2
2015-02-16,8,2,9,10,2
2015-02-17,6,1.125,7,45,5
2015-02-18,3,05. May,12,10,2
2015-02-19,0,Jun 25,13,5,1
2015-02-20,8,3.875,11,71,8
2015-02-21,7,3.875,16,61,7
2015-02-22,5,May 25,13,0,1
2015-02-23,7,04. May,12,61,7
2015-02-24,7,5.625,12,61,7
2015-02-25,5,5.875,10,,
2015-02-26,5,6.625,10,0,1
2015-02-27,7,04. May,9,61,7
2015-02-28,3,5.625,10,0,1
2015-03-01,7,Jun 75,15,61,7
2015-03-02,6,5.125,23,61,7
2015-03-03,6,5,14,61,7
2015-03-04,6,5,18,61,7
2015-03-05,7,6.625,14,,
2015-03-06,7,8.125,12,20,3
2015-03-07,7,10.125,13,0,1
2015-03-08,0,14,12,,
2015-03-09,4,8.375,6,,
2015-03-10,3,09. May,13,10,2
2015-03-11,0,9.125,12,,
2015-03-12,0,7.125,10,0,1
2015-03-13,6,4.875,15,,
2015-03-14,7,5.125,15,,
2015-03-15,7,May 75,13,21,3
2015-03-16,2,8.625,13,10,2
2015-03-17,1,Oct 75,11,5,1
2015-03-18,4,10.625,8,,
2015-03-19,0,10.375,9,0,1
2015-03-20,7,5,9,45,5
2015-03-21,7,04. May,21,61,7
2015-03-22,0,4.375,8,,
2015-03-23,0,Jul 75,12,,
2015-03-24,6,7.875,6,0,1
2015-03-25,6,7.875,14,5,1
2015-03-26,7,7.125,9,0,1
2015-03-27,7,7,7,61,7
2015-03-28,7,08. May,10,,
2015-03-29,7,Aug 25,12,61,7
2015-03-30,6,06. May,29,61,7
2015-03-31,7,6.375,35,61,7
2015-04-01,4,5,24,22,3
2015-04-02,6,06. May,19,61,7
2015-04-03,5,7.375,14,,
2015-04-04,0,8.375,11,,
2015-04-05,3,8.625,11,,
2015-04-06,0,Jul 75,10,,
2015-04-07,7,Jul 75,14,61,7
2015-04-08,2,12,11,,
2015-04-09,2,11.875,7,0,1
2015-04-10,1,14.125,8,5,1
2015-04-11,2,16.75,14,61,7
2015-04-12,5,12.375,16,,
2015-04-13,4,8.875,21,61,7
2015-04-14,7,Oct 75,17,61,7
2015-04-15,0,15. May,19,5,1
2015-04-16,6,9.375,16,21,3
2015-04-17,0,10. May,15,,
2015-04-18,0,10.875,8,,
2015-04-19,0,10.125,11,,
2015-04-20,0,14.25,9,,
2015-04-21,0,14.625,17,5,1
2015-04-22,0,12.125,7,,
2015-04-23,1,13.625,12,,
2015-04-24,2,13.875,9,20,3
2015-04-25,7,13.75,8,63,7
2015-04-26,8,7,11,61,7
2015-04-27,4,10.125,11,,
2015-04-28,3,Oct 25,13,,
2015-04-29,5,12.625,12,,
2015-04-30,6,11.375,10,61,7
2015-05-01,6,10,6,21,3
2015-05-02,3,11,12,0,1
2015-05-03,1,14.75,12,61,7
2015-05-04,5,15.875,13,21,3
2015-05-05,4,20,15,95,10
2015-05-06,3,17.125,11,21,3
2015-05-07,6,12,16,21,3
2015-05-08,2,11. May,11,,
2015-05-09,7,13. May,14,61,7
2015-05-10,2,Dec 75,18,0,1
2015-05-11,0,19.75,11,,
2015-05-12,7,14.625,14,63,7
2015-05-13,7,11.875,16,21,3
2015-05-14,7,Nov 25,10,20,3
2015-05-15,6,13. May,9,,
2015-05-16,7,10. May,11,61,7
2015-05-17,3,12.625,17,21,3
2015-05-18,6,11.625,8,61,7
2015-05-19,6,10.125,11,63,7
2015-05-20,5,Dec 25,9,63,7
2015-05-21,6,12.625,10,61,7
2015-05-22,4,17,12,,
2015-05-23,5,13.375,8,0,1
2015-05-24,2,14.375,8,,
2015-05-25,7,Nov 75,10,61,7
2015-05-26,6,13,14,21,3
2015-05-27,7,12.625,13,61,7
2015-05-28,6,13.125,12,63,7
2015-05-29,6,14.625,8,61,7
2015-05-30,4,11.625,15,61,7
2015-05-31,7,14. May,10,61,7
2015-06-01,5,14.25,16,,
2015-06-02,7,14.25,14,61,7
2015-06-03,6,15.25,18,21,3
2015-06-04,0,16.375,9,0,1
2015-06-05,0,22.625,9,,
2015-06-06,3,18. May,19,10,2
2015-06-07,4,16.625,15,,
2015-06-08,6,14.375,12,,
2015-06-09,3,15.25,8,,
2015-06-10,0,18,7,,
2015-06-11,1,16,10,,
2015-06-12,0,20.25,10,,
2015-06-13,6,21.875,12,61,7
2015-06-14,7,14.375,12,,
2015-06-15,8,13.625,11,21,3
2015-06-16,7,13.625,14,,
2015-06-17,7,16. May,9,61,7
2015-06-18,7,13.25,13,61,7
2015-06-19,7,14.25,14,61,7
2015-06-20,5,17.125,13,,
2015-06-21,6,15.75,6,,
2015-06-22,5,13. May,8,61,7
2015-06-23,5,16. May,10,21,3
2015-06-24,8,12.625,14,61,7
2015-06-25,6,17.125,8,21,3
2015-06-26,7,19.25,5,61,7
2015-06-27,7,19.375,16,61,7
2015-06-28,2,19.875,10,,
2015-06-29,3,21. May,12,,
2015-06-30,3,20.25,9,,
2015-07-01,0,23.125,13,,
2015-07-02,0,27.375,12,,
2015-07-03,1,25.625,10,,
2015-07-04,0,26. May,10,,
2015-07-05,4,25.25,9,21,3
2015-07-06,3,19.875,16,,
2015-07-07,4,24.75,9,61,7
2015-07-08,6,16.625,16,63,7
2015-07-09,6,14.375,24,61,7
2015-07-10,3,16.125,18,21,3
2015-07-11,6,17.75,9,21,3
2015-07-12,7,19.25,12,61,7
2015-07-13,6,19.375,11,,
2015-07-14,3,19.625,9,0,1
2015-07-15,3,20.125,14,,
2015-07-16,4,18.75,7,,
2015-07-17,4,23.25,12,21,3
2015-07-18,2,20.875,16,,
2015-07-19,7,14. May,5,63,7
2015-07-20,6,18.375,12,20,3
2015-07-21,3,21.375,16,0,1
2015-07-22,2,23.75,12,0,1
2015-07-23,5,18.375,12,61,7
2015-07-24,7,19.375,10,,
2015-07-25,6,20,10,95,10
2015-07-26,5,16.75,19,61,7
2015-07-27,7,15.875,8,61,7
2015-07-28,7,17.375,15,63,7
2015-07-29,5,14.875,12,61,7
2015-07-30,7,14,16,61,7
2015-07-31,7,15.875,15,,
2015-08-01,0,17.625,12,,
2015-08-02,0,21. May,8,,
2015-08-03,0,26,7,,
2015-08-04,2,26. May,15,61,7
2015-08-05,2,21.75,8,21,3
2015-08-06,1,27.625,6,,
2015-08-07,4,20,9,63,7
2015-08-08,6,19.125,10,,
2015-08-09,0,21,10,,
2015-08-10,3,22. May,8,21,3
2015-08-11,4,22.125,7,,
2015-08-12,5,19.125,9,21,3
2015-08-13,0,20.75,13,0,1
2015-08-14,4,24,14,,
2015-08-15,7,20.875,8,61,7
2015-08-16,6,21. May,10,0,1
2015-08-17,7,19.375,14,61,7
2015-08-18,7,19.25,13,21,3
2015-08-19,3,19.625,8,5,1
2015-08-20,1,20.375,8,10,2
2015-08-21,1,22.875,7,0,1
2015-08-22,0,23. May,12,,
2015-08-23,0,21.625,18,0,1
2015-08-24,6,20.75,8,,
2015-08-25,6,17.75,12,21,3
2015-08-26,5,22.125,9,,
2015-08-27,6,18.125,12,61,7
2015-08-28,2,19.625,11,20,3
2015-08-29,4,20.125,6,,
2015-08-30,5,19.375,10,21,3
2015-08-31,3,21.875,8,65,7
2015-09-01,8,17.625,12,61,7
2015-09-02,5,17,13,21,3
2015-09-03,3,17.75,8,,
2015-09-04,7,15.625,10,61,7
2015-09-05,5,14.125,20,61,7
2015-09-06,5,17,18,,
2015-09-07,0,17.25,12,,
2015-09-08,2,17. May,9,0,1
2015-09-09,1,16.875,10,,
2015-09-10,1,17.625,14,,
2015-09-11,7,15,12,61,7
2015-09-12,5,18. May,8,,
2015-09-13,6,18. May,5,20,3
2015-09-14,7,17.625,6,63,7
2015-09-15,4,13.875,10,95,10
2015-09-16,7,15.25,6,61,7
2015-09-17,6,18,12,61,7
2015-09-18,5,17.25,10,0,1
2015-09-19,7,15.25,7,61,7
2015-09-20,3,15.625,15,21,3
2015-09-21,7,13.375,6,61,7
2015-09-22,7,14.25,7,61,7
2015-09-23,7,14,5,20,3
2015-09-24,3,16,11,0,1
2015-09-25,4,14.875,8,61,7
2015-09-26,4,15.25,7,21,3
2015-09-27,1,15.25,8,,
2015-09-28,2,14.625,7,0,1
2015-09-29,2,15.625,9,0,1
2015-09-30,0,15.375,6,0,1
2015-10-01,1,14.75,9,0,1
2015-10-02,2,15.375,7,10,2
2015-10-03,2,14.375,9,0,1
2015-10-04,6,15.625,7,45,5
2015-10-05,0,16. May,5,10,2
2015-10-06,7,14.875,14,10,2
2015-10-07,8,13,7,63,7
2015-10-08,7,11.875,5,10,2
2015-10-09,7,11.125,7,21,3
2015-10-10,1,Sep 75,14,0,1
2015-10-11,0,Oct 25,13,5,1
2015-10-12,0,8.625,12,5,1
2015-10-13,7,Jul 75,10,61,7
2015-10-14,7,9,11,61,7
2015-10-15,7,10.375,16,61,7
2015-10-16,7,10,14,61,7
2015-10-17,7,Oct 75,9,61,7
2015-10-18,8,11.125,10,61,7
2015-10-19,6,Sep 25,7,0,1
2015-10-20,7,Oct 25,8,20,3
2015-10-21,7,Nov 25,7,,
2015-10-22,7,Dec 25,10,61,7
2015-10-23,1,13.375,15,,
2015-10-24,8,12.375,6,,
2015-10-25,2,Dec 25,15,,
2015-10-26,0,11.375,6,0,1
2015-10-27,0,Oct 75,10,,
2015-10-28,1,Nov 25,10,5,1
2015-10-29,2,10. May,4,10,2
2015-10-30,7,11.375,5,10,2
2015-10-31,1,Nov 75,9,10,2
2015-11-01,4,Oct 75,6,10,2
2015-11-02,8,Sep 75,5,10,2
2015-11-03,7,5.125,4,45,5
2015-11-04,1,8,4,10,2
2015-11-05,6,13.375,5,61,7
2015-11-06,8,13.75,6,61,7
2015-11-07,7,14.625,9,61,7
2015-11-08,1,13,12,,
2015-11-09,5,12,15,21,3
2015-11-10,7,15,18,61,7
2015-11-11,8,13.625,12,61,7
2015-11-12,2,13.125,17,0,1
2015-11-13,4,Nov 75,19,21,3
2015-11-14,4,8.125,14,21,3
2015-11-15,7,08. May,4,61,7
2015-11-16,7,Dec 25,12,53,6
2015-11-17,7,Oct 75,8,21,3
2015-11-18,6,Oct 75,19,21,3
2015-11-19,7,10.125,20,61,7
2015-11-20,7,Jul 75,9,61,7
2015-11-21,7,04. May,15,63,7
2015-11-22,7,Feb 25,18,73,8
2015-11-23,4,3.125,8,,
2015-11-24,7,3.125,14,61,7
2015-11-25,7,5.125,7,61,7
2015-11-26,0,05. May,7,,
2015-11-27,7,May 25,11,,
2015-11-28,2,6.125,11,61,7
2015-11-29,7,Aug 25,15,63,7
2015-11-30,5,May 75,18,61,7
2015-12-01,6,Jun 75,10,21,3
2015-12-02,7,10. May,9,21,3
2015-12-03,8,9.125,8,61,7
2015-12-04,6,Sep 25,17,61,7
2015-12-05,6,9,14,61,7
2015-12-06,7,10.875,19,20,3
2015-12-07,6,Aug 25,3,,
2015-12-08,0,Oct 75,8,0,1
2015-12-09,3,Aug 75,12,21,3
2015-12-10,7,6.625,13,21,3
2015-12-11,5,6.125,11,63,7
2015-12-12,3,6.875,10,61,7
2015-12-13,1,May 25,9,,
2015-12-14,7,3.625,6,21,3
2015-12-15,7,05. May,8,61,7
2015-12-16,8,Jun 25,7,10,2
2015-12-17,7,11.875,9,53,6
2015-12-18,8,10.375,15,61,7
2015-12-19,6,11.375,10,0,1
2015-12-20,5,12. May,9,,
2015-12-21,7,Oct 25,14,21,3
2015-12-22,7,Nov 25,17,61,7
2015-12-23,6,10.375,20,61,7
2015-12-24,3,8.375,11,61,7
2015-12-25,2,7.875,14,0,1
2015-12-26,7,Dec 75,18,63,7
2015-12-27,7,10.875,15,61,7
2015-12-28,8,Apr 75,11,,
2015-12-29,7,5.125,11,,
2015-12-30,8,May 25,9,0,1
2015-12-31,7,2,10,61,7
2016-01-01,7,04. May,6,28,3
2016-01-02,8,0,16,10,2
2016-01-03,7,-5.5,13,0,1
2016-01-04,5,-6,15,10,2
2016-01-05,1,-3.625,14,5,1
2016-01-06,0,-3,12,5,1
2016-01-07,7,-4,13,22,3
2016-01-08,7,Jan 75,20,61,7
2016-01-09,4,2.875,6,21,3
2016-01-10,7,2.125,8,63,7
2016-01-11,7,02. May,6,45,5
2016-01-12,7,4,8,63,7
2016-01-13,8,1.875,14,61,7
2016-01-14,6,Jan 75,6,10,2
2016-01-15,7,2.125,12,10,2
2016-01-16,7,0.5,5,10,2
2016-01-17,3,-1.375,9,,
2016-01-18,6,-1.75,6,10,2
2016-01-19,7,-2.5,10,73,8
2016-01-20,7,-1.625,8,28,3
2016-01-21,4,-4.875,5,20,3
2016-01-22,1,-3,7,10,2
2016-01-23,6,3.125,6,49,5
2016-01-24,7,5.125,7,10,2
2016-01-25,8,9,9,45,5
2016-01-26,7,7.875,9,,
2016-01-27,7,10.375,15,61,7
2016-01-28,5,Jun 75,16,21,3
2016-01-29,7,8.125,17,61,7
2016-01-30,7,6.625,17,65,7
2016-01-31,6,4.125,13,61,7
2016-02-01,7,7.875,21,61,7
2016-02-02,6,07. May,20,61,7
2016-02-03,6,Apr 75,15,61,7
2016-02-04,5,Apr 25,12,22,3
2016-02-05,7,04. May,10,61,7
2016-02-06,7,9.375,11,21,3
2016-02-07,6,Sep 75,12,21,3
2016-02-08,7,08. May,16,63,7
2016-02-09,5,Jun 75,15,61,7
2016-02-10,7,Mar 75,9,61,7
2016-02-11,7,May 25,7,61,7
2016-02-12,7,03. May,6,61,7
2016-02-13,6,2,8,20,3
2016-02-14,8,2.875,20,61,7
2016-02-15,8,0.75,14,,
2016-02-16,0,2.125,5,,
2016-02-17,1,Jan 75,10,0,1
2016-02-18,5,1.875,6,10,2
2016-02-19,7,Mar 25,6,61,7
2016-02-20,7,6,12,61,7
2016-02-21,7,6.875,12,61,7
2016-02-22,6,5.875,15,61,7
2016-02-23,4,6.125,17,61,7
2016-02-24,3,4,15,61,7
2016-02-25,6,03. May,10,53,6
2016-02-26,6,3.625,8,,
2016-02-27,4,01. May,5,45,5
2016-02-28,1,03. May,6,0,1
2016-02-29,7,2.125,10,0,1
2016-03-01,5,Feb 25,8,,
2016-03-02,7,5,16,63,7
2016-03-03,7,Apr 75,5,21,3
2016-03-04,2,3.875,9,10,2
2016-03-05,8,Mar 25,5,61,7
2016-03-06,7,04. May,11,10,2
2016-03-07,6,Apr 75,10,20,3
2016-03-08,6,5,10,61,7
2016-03-09,0,Jun 75,9,5,1
2016-03-10,8,4.375,11,10,2
2016-03-11,8,03. May,11,,
2016-03-12,8,Feb 75,7,0,1
2016-03-13,8,0.875,8,10,2
2016-03-14,8,5,8,10,2
2016-03-15,5,May 75,12,61,7
2016-03-16,1,6.375,11,0,1
2016-03-17,0,Sep 25,12,0,1
2016-03-18,8,5.375,9,21,3
2016-03-19,7,6,15,45,5
2016-03-20,6,8.625,15,61,7
2016-03-21,7,07. May,19,61,7
2016-03-22,7,8.125,13,61,7
2016-03-23,1,9.125,13,,
2016-03-24,7,7.375,10,21,3
2016-03-25,8,7.875,7,61,7
2016-03-26,1,Sep 75,9,0,1
2016-03-27,7,8.625,12,61,7
2016-03-28,6,11.625,18,61,7
2016-03-29,6,10,13,21,3
2016-03-30,5,08. May,15,61,7
2016-03-31,4,9,13,21,3
2016-04-01,0,9.125,7,,
2016-04-02,3,Dec 75,8,,
2016-04-03,7,15. May,5,21,3
2016-04-04,6,17.375,6,21,3
2016-04-05,7,10,7,61,7
2016-04-06,6,11.125,12,61,7
2016-04-07,6,8.625,13,21,3
2016-04-08,6,9,9,63,7
2016-04-09,4,10.125,11,0,1
2016-04-10,7,10.875,13,,
2016-04-11,1,10,15,5,1
2016-04-12,6,8,9,61,7
2016-04-13,5,Sep 75,11,10,2
2016-04-14,6,10,8,0,1
2016-04-15,7,10.625,8,61,7
2016-04-16,6,Dec 75,15,53,6
2016-04-17,4,9.875,19,21,3
2016-04-18,7,9.625,16,21,3
2016-04-19,5,09. May,23,21,3
2016-04-20,2,10. May,17,,
2016-04-21,2,11.625,16,,
2016-04-22,5,10. May,12,,
2016-04-23,3,8.875,17,21,3
2016-04-24,4,May 75,10,21,3
2016-04-25,8,4.625,10,61,7
2016-04-26,7,02. May,7,75,8
2016-04-27,7,4.875,8,61,7
2016-04-28,6,07. May,16,61,7
2016-04-29,6,Sep 75,13,61,7
2016-04-30,8,8,7,61,7
2016-05-01,0,Oct 75,9,,
2016-05-02,1,17.875,6,,
2016-05-03,6,11.375,15,61,7
2016-05-04,1,12.375,10,,
2016-05-05,0,15.125,13,,
2016-05-06,0,19,14,,
2016-05-07,0,22.125,12,,
2016-05-08,0,21.375,17,,
2016-05-09,0,19.875,12,,
2016-05-10,0,20.875,14,,
2016-05-11,0,20.625,15,,
2016-05-12,0,15.625,17,0,1
2016-05-13,2,17. May,16,65,7
2016-05-14,7,10,14,21,3
2016-05-15,6,Sep 75,12,61,7
2016-05-16,5,Nov 25,16,,
2016-05-17,7,Oct 75,15,21,3
2016-05-18,5,16.75,7,,
2016-05-19,2,19. May,10,0,1
2016-05-20,8,14.75,11,61,7
2016-05-21,6,19.375,9,21,3
2016-05-22,1,25,9,,
2016-05-23,7,15. May,8,21,3
2016-05-24,8,14.25,10,21,3
2016-05-25,7,16. May,6,20,3
2016-05-26,7,14.375,6,61,7
2016-05-27,4,15.875,9,61,7
2016-05-28,2,18.625,11,,
2016-05-29,6,17,13,21,3
2016-05-30,4,20.25,17,0,1
2016-05-31,1,20.625,13,0,1
2016-06-01,4,21.75,16,0,1
2016-06-02,1,21. May,13,,
2016-06-03,0,21.875,10,,
2016-06-04,0,24. May,7,,
2016-06-05,0,25.25,9,,
2016-06-06,1,22.875,15,,
2016-06-07,1,25.375,8,,
2016-06-08,4,18.875,13,,
2016-06-09,1,19. May,16,,
2016-06-10,3,18.125,13,,
2016-06-11,0,17.375,12,,
2016-06-12,7,13.875,7,61,7
2016-06-13,7,15.25,11,63,7
2016-06-14,7,16. May,8,61,7
2016-06-15,6,18.25,8,95,10
2016-06-16,6,18.25,7,63,7
2016-06-17,6,18.125,10,21,3
2016-06-18,6,18,12,21,3
2016-06-19,7,16,14,,
2016-06-20,4,20.875,10,61,7
2016-06-21,4,19.875,9,,
2016-06-22,5,22.125,9,61,7
2016-06-23,5,27.875,8,,
2016-06-24,5,24.125,9,,
2016-06-25,7,18.25,14,95,10
2016-06-26,5,19.25,11,0,1
2016-06-27,7,19.375,10,61,7
2016-06-28,4,18.375,11,21,3
2016-06-29,5,18.75,9,21,3
2016-06-30,7,18.25,9,61,7
2016-07-01,8,19.25,7,63,7
2016-07-02,7,15.625,12,61,7
2016-07-03,4,17.125,12,61,7
2016-07-04,6,17.25,10,61,7
2016-07-05,7,17.125,10,95,10
2016-07-06,5,16. May,22,21,3
2016-07-07,6,18.25,11,21,3
2016-07-08,6,19.125,8,63,7
2016-07-09,5,19.125,12,,
2016-07-10,6,24.125,8,,
2016-07-11,6,20,13,21,3
2016-07-12,4,19.125,14,95,10
2016-07-13,6,16.375,6,63,7
2016-07-14,7,16.375,12,53,6
2016-07-15,7,17,16,61,7
2016-07-16,7,18,10,61,7
2016-07-17,7,17.25,9,61,7
2016-07-18,7,18. May,15,21,3
2016-07-19,6,22.375,12,20,3
2016-07-20,0,26,9,,
2016-07-21,3,25.875,8,,
2016-07-22,3,26,6,21,3
2016-07-23,3,25.375,9,,
2016-07-24,0,25.25,10,,
2016-07-25,4,25.375,7,95,10
2016-07-26,3,21.875,9,20,3
2016-07-27,4,21.375,6,,
2016-07-28,4,21.25,7,20,3
2016-07-29,6,21,10,65,7
2016-07-30,4,19.625,10,65,7
2016-07-31,7,17.375,6,61,7
2016-08-01,3,18. May,14,61,7
2016-08-02,4,19.75,7,20,3
2016-08-03,7,19.375,9,61,7
2016-08-04,6,20.375,11,61,7
2016-08-05,4,20. May,15,21,3
2016-08-06,5,17. May,14,95,10
2016-08-07,6,21.125,13,21,3
2016-08-08,5,19,18,21,3
2016-08-09,5,15.375,18,21,3
2016-08-10,4,14. May,15,95,10
2016-08-11,7,13.875,9,61,7
2016-08-12,7,18.25,12,61,7
2016-08-13,7,18.125,12,61,7
2016-08-14,6,18.125,12,21,3
2016-08-15,5,18.625,11,,
2016-08-16,2,19.375,10,,
2016-08-17,0,19.571.428,8,,
2016-08-18,3,18.25,9,,
2016-08-19,3,20.375,8,,
2016-08-20,7,20.25,9,61,7
2016-08-21,4,19.875,9,21,3
2016-08-22,7,18.375,10,65,7
2016-08-23,6,21.75,8,,
2016-08-24,0,25.375,6,,
2016-08-25,0,28.375,6,,
2016-08-26,0,27.75,13,,
2016-08-27,0,20.375,8,,
2016-08-28,4,21.875,12,63,7
2016-08-29,3,18. May,15,21,3
2016-08-30,2,20.25,12,,
2016-08-31,0,23.125,6,,
2016-09-01,5,20.25,13,21,3
2016-09-02,4,19.125,8,61,7
2016-09-03,5,19.25,12,21,3
2016-09-04,6,19.25,8,61,7
2016-09-05,0,19.125,12,0,1
2016-09-06,2,21.75,6,,
2016-09-07,0,23.625,6,,
2016-09-08,0,25.625,7,,
2016-09-09,2,21.375,10,0,1
2016-09-10,0,23.875,6,,
2016-09-11,6,20.875,10,,
2016-09-12,0,25.375,8,,
2016-09-13,0,27.875,8,,
2016-09-14,0,25.25,9,,
2016-09-15,0,23.75,13,,
2016-09-16,4,22.75,8,0,1
2016-09-17,5,18.875,14,,
2016-09-18,7,16.75,15,21,3
2016-09-19,7,17,9,,
2016-09-20,5,17. May,8,,
2016-09-21,3,18.375,10,,
2016-09-22,4,18. May,6,,
2016-09-23,4,18.625,12,21,3
2016-09-24,0,18.625,6,,
2016-09-25,0,21.375,8,,
2016-09-26,4,18.25,6,0,1
2016-09-27,0,19.875,6,0,1
2016-09-28,6,19.125,19,,
2016-09-29,7,17.375,13,61,7
2016-09-30,6,14,11,61,7
2016-10-01,3,15.875,6,,
2016-10-02,3,15.75,7,21,3
2016-10-03,7,14.375,18,61,7
2016-10-04,5,13.25,16,,
2016-10-05,3,12,19,,
2016-10-06,7,Nov 25,17,20,3
2016-10-07,7,11.125,15,0,1
2016-10-08,5,11.625,16,,
2016-10-09,7,9.125,10,61,7
2016-10-10,7,11.125,10,61,7
2016-10-11,7,9.875,20,61,7
2016-10-12,7,Sep 75,18,63,7
2016-10-13,6,10.875,15,0,1
2016-10-14,7,9.125,13,61,7
2016-10-15,8,8.625,12,61,7
2016-10-16,8,11.375,6,10,2
2016-10-17,8,Sep 75,6,10,2
2016-10-18,7,13.25,6,28,3
2016-10-19,8,7.625,4,61,7
2016-10-20,7,10.125,10,21,3
2016-10-21,6,9.875,10,61,7
2016-10-22,8,8.125,12,61,7
2016-10-23,7,8.625,4,21,3
2016-10-24,5,Sep 25,8,10,2
2016-10-25,5,9,8,0,1
2016-10-26,6,7.375,6,10,2
2016-10-27,7,13.375,9,21,3
2016-10-28,6,Dec 75,15,21,3
2016-10-29,4,11.375,16,20,3
2016-10-30,4,11,9,5,1
2016-10-31,7,12.125,6,61,7
2016-11-01,6,10.125,12,61,7
2016-11-02,4,Jul 25,13,21,3
2016-11-03,4,5.875,5,,
2016-11-04,7,7.875,8,61,7
2016-11-05,7,05. May,5,61,7
2016-11-06,7,6.625,6,61,7
2016-11-07,7,03. May,14,61,7
2016-11-08,7,0.75,14,71,8
2016-11-09,0,Jan 25,4,10,2
2016-11-10,7,4,8,22,3
2016-11-11,4,4.875,10,21,3
2016-11-12,3,1.625,6,49,5
2016-11-13,4,1.375,9,5,1
2016-11-14,4,2,10,5,1
2016-11-15,7,Jul 75,9,61,7
2016-11-16,7,Aug 75,11,61,7
2016-11-17,6,Jul 75,9,21,3
2016-11-18,4,Jul 25,13,21,3
2016-11-19,6,6.625,11,21,3
2016-11-20,6,6.375,12,63,7
2016-11-21,7,11. May,6,61,7
2016-11-22,7,12.125,7,,
2016-11-23,7,10,5,10,2
2016-11-24,0,04. May,8,10,2
2016-11-25,7,4,4,45,5
2016-11-26,7,5.875,10,61,7
2016-11-27,0,5.625,9,5,1
2016-11-28,1,2.875,11,,
2016-11-29,3,3,9,10,2
2016-11-30,7,Jun 25,12,61,7
2016-12-01,8,08. May,19,61,7
2016-12-02,0,3.625,8,0,1
2016-12-03,4,-0.75,6,49,5
2016-12-04,8,4.125,6,,
2016-12-05,7,3,7,,
2016-12-06,7,Jun 25,5,61,7
2016-12-07,7,04. May,10,61,7
2016-12-08,8,8.625,12,10,2
2016-12-09,7,8.875,13,20,3
2016-12-10,7,09. May,10,61,7
2016-12-12,7,4.875,4,61,7
2016-12-13,7,6.285.714,5,10,2
2016-12-14,7,4.625,6,45,5
2016-12-15,7,0,8,49,5
2016-12-16,8,-1,5,10,2
2016-12-17,8,2.125,6,10,2
2016-12-18,7,7,8,0,1
2016-12-19,8,May 75,4,0,1
2016-12-20,8,01. May,7,10,2
2016-12-21,6,3.625,10,10,2
2016-12-22,7,May 25,8,61,7
2016-12-23,7,6.375,9,10,2
2016-12-24,6,6.125,14,95,10
2016-12-25,7,9.375,16,61,7
2016-12-26,4,6.875,25,22,3
2016-12-27,6,Aug 25,21,,
2016-12-28,4,7.125,12,0,1
2016-12-29,3,Mar 75,11,10,2
2016-12-30,4,Jan 75,10,10,2
2016-12-31,7,4.875,13,28,3
2017-01-01,8,05. May,12,61,7
2017-01-02,3,1.625,8,0,1
2017-01-03,7,6,16,61,7
2017-01-04,4,4,19,20,3
2017-01-05,4,-2.875,15,0,1
2017-01-06,1,-4.25,6,,
2017-01-07,8,-0.5,11,71,8
2017-01-08,8,Feb 25,4,10,2
2017-01-09,8,02. May,6,20,3
2017-01-10,7,2.625,9,10,2
2017-01-11,7,4.625,15,61,7
2017-01-12,4,04. May,16,61,7
2017-01-13,3,3.125,7,61,7
2017-01-14,2,Jan 75,10,61,7
2017-01-15,5,1.375,10,71,8
2017-01-16,0,0.25,9,0,1
2017-01-17,7,0.5,4,10,2
2017-01-18,7,0.125,8,20,3
2017-01-19,8,01. May,8,61,7
2017-01-20,8,3.625,5,21,3
2017-01-21,7,May 75,5,10,2
2017-01-22,8,1.375,5,10,2
2017-01-23,7,1.125,8,10,2
2017-01-24,7,1.875,8,45,5
2017-01-25,7,-1.25,6,49,5
2017-01-26,6,1,7,10,2
2017-01-27,0,2.142.857,7,5,1
2017-01-28,1,2.875,5,5,1
2017-01-29,7,Apr 75,8,61,7
2017-01-30,7,2.625,13,61,7
2017-01-31,7,3.125,15,10,2
2017-02-01,7,1.125,8,20,3
2017-02-02,7,Jan 75,6,61,7
2017-02-03,7,1.625,6,45,5
2017-02-04,7,May 75,6,61,7
2017-02-05,8,2,10,61,7
2017-02-06,7,02. May,12,61,7
2017-02-07,7,0,12,77,8
2017-02-08,8,-2,8,77,8
2017-02-09,8,-2.125,11,22,3
2017-02-10,7,-1.75,16,10,2
2017-02-11,7,0,17,0,1
2017-02-12,8,0.375,17,10,2
2017-02-13,0,-0.25,10,10,2
2017-02-14,2,-0.75,8,49,5
2017-02-15,0,5.875,4,5,1
2017-02-16,7,Jun 25,10,61,7
2017-02-17,7,6,9,61,7
2017-02-18,7,4.625,12,20,3
2017-02-19,7,5.625,8,61,7
2017-02-20,7,8,16,61,7
2017-02-21,6,7.625,18,,
2017-02-22,6,7.375,20,61,7
2017-02-23,7,4.375,22,63,7
2017-02-24,1,4.125,15,21,3
2017-02-25,7,3.375,12,61,7
2017-02-26,7,07. May,11,61,7
2017-02-27,8,Oct 75,11,,
2017-02-28,6,6,15,21,3
2017-03-01,6,5,14,63,7
2017-03-02,3,06. May,16,21,3
2017-03-03,2,8.375,10,0,1
2017-03-04,6,9.125,5,5,1
2017-03-05,7,7.375,12,61,7
2017-03-06,8,Mar 75,17,0,1
2017-03-07,7,Jan 75,7,20,3
2017-03-08,6,May 75,9,61,7
2017-03-09,7,7.375,8,21,3
2017-03-10,4,Aug 75,16,0,1
2017-03-11,2,Jul 75,9,0,1
2017-03-12,6,6.375,9,,
2017-03-13,7,6.625,7,5,1
2017-03-14,6,10. May,13,0,1
2017-03-15,0,Sep 25,16,5,1
2017-03-16,5,Nov 75,9,,
2017-03-17,6,Jun 75,18,63,7
2017-03-18,5,6.875,22,21,3
2017-03-19,8,3.875,9,79,8
2017-03-20,7,Oct 25,8,61,7
2017-03-21,5,Aug 75,20,21,3
2017-03-22,0,Oct 75,11,0,1
2017-03-23,4,8.125,11,,
2017-03-24,0,10. May,7,0,1
2017-03-25,3,9.875,12,0,1
2017-03-26,3,9.375,7,0,1
2017-03-27,0,12. May,11,10,2
2017-03-28,0,13.875,7,0,1
2017-03-29,8,10,13,21,3
2017-03-30,7,16,12,61,7
2017-03-31,0,19.75,7,,
2017-04-01,2,15.75,7,0,1
2017-04-02,2,13.375,13,0,1
2017-04-03,2,10.375,8,,
2017-04-04,2,12.625,8,0,1
2017-04-05,5,9.875,18,21,3
2017-04-06,6,10,17,0,1
2017-04-07,6,11.125,18,20,3
2017-04-08,7,10.875,12,,
2017-04-09,0,16,9,5,1
2017-04-10,7,09. May,19,21,3
2017-04-11,5,Aug 75,18,21,3
2017-04-12,7,Aug 75,13,61,7
2017-04-13,7,9,18,61,7
2017-04-14,7,Sep 25,12,63,7
2017-04-15,6,8.125,23,63,7
2017-04-16,7,6.875,7,61,7
2017-04-17,6,Jun 25,10,61,7
2017-04-18,4,5.625,15,,
2017-04-19,0,6.375,10,0,1
2017-04-20,7,Aug 25,12,,
2017-04-21,7,11.875,19,61,7
2017-04-22,5,07. May,21,61,7
2017-04-23,4,7.875,20,21,3
2017-04-24,7,8.875,17,63,7
2017-04-25,5,05. May,15,69,7
2017-04-26,6,7.625,7,61,7
2017-04-27,6,8.625,13,61,7
2017-04-28,7,8.625,10,61,7
2017-04-29,4,7.125,9,61,7
2017-04-30,1,11.875,12,0,1
2017-05-01,1,Nov 75,19,5,1
2017-05-02,2,10.875,21,5,1
2017-05-03,3,Nov 25,20,5,1
2017-05-04,7,10.625,19,,
2017-05-05,7,Aug 25,15,61,7
2017-05-06,7,11,7,0,1
2017-05-07,0,17.125,9,0,1
2017-05-08,1,Sep 75,19,5,1
2017-05-09,4,10,12,,
2017-05-10,7,Sep 25,11,61,7
2017-05-11,0,13.375,14,,
2017-05-12,7,Dec 75,13,61,7
2017-05-13,6,17.875,6,21,3
2017-05-14,2,18.75,12,0,1
2017-05-15,3,17.375,9,0,1
2017-05-16,7,14.125,8,61,7
2017-05-17,6,23.125,7,,
2017-05-18,4,23.125,12,,
2017-05-19,6,17.375,7,21,3
2017-05-20,4,16,12,,
2017-05-21,1,18.625,12,,
2017-05-22,0,17.75,9,,
2017-05-23,4,22.125,15,95,10
2017-05-24,3,17.125,18,0,1
2017-05-25,2,18.875,12,,
2017-05-26,0,20.75,6,0,1
2017-05-27,0,24.75,7,,
2017-05-28,1,22.375,14,61,7
2017-05-29,5,18.75,7,0,1
2017-05-30,6,20. May,14,5,1
2017-05-31,5,15. May,18,5,1
2017-06-01,0,17.375,12,5,1
2017-06-02,0,20.25,9,,
2017-06-03,7,17. May,5,61,7
2017-06-04,5,17.125,14,61,7
2017-06-05,1,20.125,9,0,1
2017-06-06,4,21.625,10,61,7
2017-06-07,7,Dec 25,14,63,7
2017-06-08,7,14.875,8,61,7
2017-06-09,6,20.25,14,95,10
2017-06-10,5,19.25,10,0,1
2017-06-11,2,25,11,,
2017-06-12,7,16.25,16,61,7
2017-06-13,6,16.125,16,21,3
2017-06-14,7,19.125,9,,
2017-06-15,3,22.75,6,21,3
2017-06-16,5,17.375,20,21,3
2017-06-17,0,20.125,15,0,1
2017-06-18,2,24.25,9,,
2017-06-19,1,25.375,7,0,1
2017-06-20,0,20.75,12,0,1
2017-06-21,3,18.75,10,,
2017-06-22,3,20.25,10,95,10
2017-06-23,7,17.25,14,61,7
2017-06-24,6,17.875,19,61,7
2017-06-25,7,17.25,16,20,3
2017-06-26,3,17.375,16,21,3
2017-06-27,3,16.375,9,,
2017-06-28,6,19.75,18,,
2017-06-29,7,17.875,8,61,7
2017-06-30,7,14.875,11,63,7
2017-07-01,7,17.625,10,21,3
2017-07-02,7,17.125,18,21,3
2017-07-03,7,18.625,14,95,10
2017-07-04,6,17.25,15,,
2017-07-05,2,19,9,,
2017-07-06,0,18.375,8,,
2017-07-07,5,20.625,7,61,7
2017-07-08,4,20.625,16,21,3
2017-07-09,1,19.125,9,,
2017-07-10,7,17. May,6,61,7
2017-07-11,6,19.875,11,95,10
2017-07-12,7,14.75,12,61,7
2017-07-13,6,16.875,15,,
2017-07-14,3,19. May,8,,
2017-07-15,7,18.75,10,21,3
2017-07-16,8,17.375,9,61,7
2017-07-17,6,18. May,12,,
2017-07-18,5,18.75,7,,
2017-07-19,1,22. May,13,0,1
2017-07-20,7,21. May,5,61,7
2017-07-21,2,20. May,10,,
2017-07-22,7,18. May,9,63,7
2017-07-23,6,19.375,12,61,7
2017-07-24,7,18.75,10,21,3
2017-07-25,7,16.25,16,63,7
2017-07-26,0,20.875,10,,
2017-07-27,6,19. May,10,61,7
2017-07-28,6,18.125,17,61,7
2017-07-29,5,19.625,11,61,7
2017-07-30,5,24,11,61,7
2017-07-31,2,22.75,9,,
2017-08-01,6,21.375,7,21,3
2017-08-02,5,21.375,8,61,7
2017-08-03,7,20.125,10,95,10
2017-08-04,6,19.625,18,21,3
2017-08-05,4,20.125,12,,
2017-08-06,3,18. May,13,21,3
2017-08-07,2,224.875,8,,
2017-08-08,6,230.625,8,21,3
2017-08-09,1,21.125,11,0,1
2017-08-10,6,19. Jun,9,,
2017-08-11,7,16.375,8,61,7
2017-08-12,7,155.625,8,61,7
2017-08-13,4,17.825,11,21,3
2017-08-14,1,186.375,12,0,1
2017-08-15,2,250.625,9,,
2017-08-16,3,208.625,8,0,1
2017-08-17,5,21. Aug,10,63,7
2017-08-18,6,196.625,7,0,1
2017-08-19,5,169.375,11,63,7
2017-08-20,6,160.125,10,61,7
2017-08-21,7,17. Feb,15,61,7
2017-08-22,4,176.125,11,,
2017-08-23,0,194.375,9,5,1
2017-08-24,3,194.875,14,21,3
2017-08-25,3,197.625,13,,
2017-08-26,4,19.525,7,0,1
2017-08-27,4,196.625,13,21,3
2017-08-28,4,205.375,5,,
2017-08-29,0,24. Jun,9,,
2017-08-30,6,20,11,61,7
2017-08-31,7,148.875,11,61,7
2017-09-01,4,17. Mar,7,61,7
2017-09-02,4,16.525,8,21,3
2017-09-03,3,17. Apr,7,0,1
2017-09-04,0,182.875,10,0,1
2017-09-05,3,20.95,6,,
2017-09-06,7,18. Feb,17,63,7
2017-09-07,5,172.875,16,21,3
2017-09-08,7,149.375,10,61,7
2017-09-09,7,15.025,9,61,7
2017-09-10,2,17.65,11,0,1
2017-09-11,3,178.625,11,21,3
2017-09-12,5,16. Jan,12,21,3
2017-09-13,7,133.375,20,63,7
2017-09-14,7,132.375,13,61,7
2017-09-15,6,14.425,11,21,3
2017-09-16,8,119.125,6,61,7
2017-09-17,7,15.25,7,61,7
2017-09-18,2,15.075,4,0,1
2017-09-19,5,143.875,8,65,7
2017-09-20,7,14.225,10,61,7
2017-09-21,4,169.625,7,10,2
2017-09-22,1,155.875,8,0,1
2017-09-23,0,15.85,9,0,1
2017-09-24,7,158.125,9,53,6
2017-09-25,6,16.225,15,21,3
2017-09-26,7,15.725,12,10,2
2017-09-27,7,16.575,10,61,7
2017-09-28,7,151.125,7,21,3
2017-09-29,2,19. Jan,6,10,2
2017-09-30,7,151.125,6,61,7
2017-10-01,2,162.875,6,,
2017-10-02,6,15.15,13,61,7
2017-10-03,5,142.625,14,61,7
2017-10-06,1,138.875,13,3,1
2017-10-07,7,Oct 65,10,61,7
2017-10-08,0,12.025,12,5,1
2017-10-09,5,12.475,8,20,3
2017-10-10,7,14. May,9,63,7
2017-10-11,7,146.375,12,63,7
2017-10-12,6,131.875,24,21,3
2017-10-13,6,141.625,8,10,2
2017-10-14,8,157.625,12,61,7
2017-10-15,2,178.125,5,28,3
2017-10-16,5,179.375,7,10,2
2017-10-17,7,14.725,13,,
2017-10-18,4,148.125,6,0,1
2017-10-19,6,14.85,9,10,2
2017-10-20,7,14.175,6,61,7
2017-10-21,7,130.375,6,61,7
2017-10-22,7,11.025,7,61,7
2017-10-23,7,Nov 95,8,61,7
2017-10-24,7,11.925,8,61,7
2017-10-25,7,14.225,16,61,7
2017-10-26,5,13.475,12,,
2017-10-27,4,Nov 95,13,,
2017-10-28,7,112.125,17,61,7
2017-10-29,2,09. Sep,20,21,3
2017-10-30,,08. Jan,11,,
2017-10-31,,8.925,7,,
2017-11-01,,12.975,12,,
2017-11-02,,116.875,13,,
2017-11-03,,94.375,7,,
2017-11-04,,102.625,5,,
2017-11-05,,09. Aug,8,,
2017-11-06,,82.125,7,,
2017-11-07,,67.875,5,,
2017-11-08,,8.625,9,,
2017-11-09,6,Aug 55,9,10,2
2017-11-10,7,75.375,16,61,7
2017-11-11,5,52.375,8,63,7
2017-11-12,7,5.575,7,61,7
2017-11-13,2,05. Sep,9,10,2
2017-11-14,7,63.875,11,61,7
2017-11-15,7,9.375,7,61,7
2017-11-16,8,88.125,8,61,7
2017-11-17,3,7.725,10,21,3
2017-11-18,5,May 35,12,65,7
2017-11-19,3,Jun 25,15,21,3
2017-11-20,6,59.625,6,,
2017-11-21,7,49.875,5,61,7
2017-11-22,7,106.125,10,61,7
2017-11-23,7,12.225,16,61,7
2017-11-24,7,69.875,8,61,7
2017-11-25,7,2.775,5,45,5
2017-11-26,7,Apr 65,12,61,7
2017-11-27,7,45.625,14,61,7
2017-11-28,7,54.875,12,61,7
2017-11-29,7,4.225,6,61,7
2017-11-30,7,28.125,4,10,2
2017-12-01,6,43.625,8,68,7
2017-12-02,7,0.375,8,61,7
2017-12-03,7,5.225,7,61,7
2017-12-04,2,53.375,12,,
2017-12-05,7,Aug 65,17,21,3
2017-12-06,7,08. Sep,17,0,1
2017-12-07,8,57.625,13,61,7
2017-12-08,6,1.675,10,73,8
2017-12-09,3,35.125,10,61,7
2017-12-10,7,0.9875,9,22,3
2017-12-11,8,22.375,14,61,7
2017-12-12,7,Jan 55,12,68,7
2017-12-13,7,19.875,12,69,7
2017-12-14,7,3.025,12,61,7
2017-12-15,7,30.375,9,20,3
2017-12-16,1,3.275,10,10,2
2017-12-17,3,11.375,7,10,2
2017-12-18,5,24.625,6,10,2
2017-12-19,7,59.125,7,20,3
2017-12-20,7,66.375,6,20,3
2017-12-21,7,62.375,10,21,3
2017-12-22,7,57.625,9,10,2
2017-12-23,7,07. Aug,19,61,7
2017-12-24,7,81.125,16,61,7
2017-12-25,7,08. Jul,14,61,7
2017-12-26,7,Jun 25,14,61,7
2017-12-27,7,46.125,7,21,3
2017-12-28,4,40.875,11,61,7
2017-12-29,5,28.125,11,61,7
2017-12-30,7,04. May,10,61,7
2017-12-31,7,Aug 25,16,63,7
2018-01-01,6,66.125,17,61,7
2018-01-02,6,05. Jul,8,61,7
2018-01-03,7,6.475,11,61,7
2018-01-04,6,55.125,7,61,7
2018-01-05,8,4.325,10,61,7
2018-01-06,7,31.875,8,61,7
2018-01-07,0,0.65,8,,
2018-01-08,1,0.9875,7,5,1
2018-01-09,4,31.625,11,0,1
2018-01-10,6,40.125,6,21,3
2018-01-11,7,38.375,10,61,7
2018-01-12,7,2.275,10,10,2
2018-01-13,8,1.275,8,10,2
2018-01-14,1,0.325,8,5,1
2018-01-15,7,15.625,12,61,7
2018-01-16,7,33.625,9,61,7
2018-01-17,6,18.125,10,61,7
2018-01-18,7,11.625,17,73,8
2018-01-19,6,1.975,10,73,8
2018-01-20,8,Jan 75,7,61,7
2018-01-21,6,-0.6125,3,49,5
2018-01-22,7,0.675,7,77,8
2018-01-23,7,46.625,7,61,7
2018-01-24,8,11. Jun,14,61,7
2018-01-25,7,Jul 95,9,21,3
2018-01-26,6,59.625,5,45,5
2018-01-27,8,56.375,9,10,2
2018-01-28,6,76.625,16,61,7
2018-01-29,7,Jul 55,21,63,7
2018-01-30,4,57.375,15,10,2
2018-01-31,7,06. Mar,15,61,7
2018-02-01,7,35.125,11,61,7
2018-02-02,7,Mar 45,6,61,7
2018-02-03,7,-11.625,8,71,8
2018-02-04,7,0.825,18,73,8
2018-02-05,7,-0.2375,10,22,3
2018-02-06,1,-0.8625,5,10,2
2018-02-07,0,-1.285.714,4,5,1
2018-02-08,0,-0.0125,6,5,1
2018-02-09,1,-0.2625,7,10,2
2018-02-10,1,0.5625,4,10,2
2018-02-11,7,23.375,11,75,8
2018-02-12,5,1.825,15,75,8
2018-02-13,0,26.875,7,10,2
2018-02-14,0,Feb 95,8,5,1
2018-02-15,7,0.675,11,73,8
2018-02-16,5,48.625,12,21,3
2018-02-17,8,4.125,5,10,2
2018-02-18,5,4.375,8,0,1
2018-02-19,5,49.125,4,5,1
2018-02-20,1,3.375,11,10,2
2018-02-21,6,2.175,7,22,3
2018-02-22,7,11.125,7,20,3
2018-02-23,1,0.4375,12,5,1
2018-02-24,6,0.125,15,71,8
2018-02-25,7,-29.625,14,71,8
2018-02-26,5,-15.375,18,,
2018-02-27,6,-3.425,16,71,8
2018-02-28,5,-61.375,16,5,1
2018-03-01,6,-3.95,18,71,8
2018-03-02,6,-49.625,15,71,8
2018-03-03,0,-34.375,13,5,1
2018-03-04,5,-23.125,10,77,8
2018-03-05,5,59.875,7,10,2
2018-03-06,0,06. Apr,9,5,1
2018-03-07,7,11.875,6,71,8
2018-03-08,5,44.625,8,61,7
2018-03-09,7,Apr 45,13,61,7
2018-03-10,8,03. Apr,10,63,7
2018-03-11,5,11.475,7,45,5
2018-03-12,7,65.375,5,61,7
2018-03-13,7,42.625,12,61,7
2018-03-14,8,03. Feb,8,21,3
2018-03-15,8,24.625,20,,
2018-03-16,7,0.2,28,22,3
2018-03-17,5,-2.225,29,73,8
2018-03-18,1,-0.825,23,5,1
2018-03-19,0,02. Mar,8,5,1
2018-03-20,0,42.125,17,5,1
2018-03-21,7,04. Jul,13,22,3
2018-03-22,8,57.625,11,61,7
2018-03-23,8,4.425,5,22,3
2018-03-24,7,7.125,4,5,1
2018-03-25,7,7.625,6,0,1
2018-03-26,7,50.375,8,61,7
2018-03-27,7,5.325,9,10,2
2018-03-28,7,3.725,14,61,7
2018-03-29,7,0.9,8,71,8
2018-03-30,1,3.225,13,5,1
2018-03-31,7,2.225,17,,
2018-04-01,6,2.525,9,71,8
2018-04-02,5,06. Jan,8,5,1
2018-04-03,7,11.775,9,61,7
2018-04-04,4,132.125,9,61,7
2018-04-05,7,86.625,19,61,7
2018-04-06,1,99.875,10,5,1
2018-04-07,0,14.75,9,5,1
2018-04-08,0,20. May,5,5,1
2018-04-09,5,153.125,9,5,1
2018-04-10,8,51.625,21,10,2
2018-04-11,8,47.125,22,,
2018-04-12,5,7.975,19,5,1
2018-04-13,6,87.125,15,61,7
2018-04-14,8,7.675,10,61,7
2018-04-15,8,95.375,7,61,7
2018-04-16,2,13.875,8,63,7
2018-04-17,0,15.25,11,0,1
2018-04-18,1,20.35,11,0,1
2018-04-19,0,231.125,5,0,1
2018-04-20,0,24.375,13,0,1
2018-04-21,1,156.625,10,5,1
2018-04-22,1,14.525,11,5,1
2018-04-23,4,14. Apr,18,5,1
2018-04-24,5,120.875,21,61,7
2018-04-25,7,Sep 25,13,61,7
2018-04-26,6,110.875,18,61,7
2018-04-27,5,130.875,8,0,1
2018-04-28,7,14.65,8,61,7
2018-04-29,7,8.875,9,21,3
2018-04-30,7,Nov 55,10,95,10
2018-05-01,7,69.875,13,63,7
2018-05-02,1,14.725,9,5,1
2018-05-03,1,12. May,14,0,1
2018-05-04,0,121.875,10,5,1
2018-05-05,0,14.75,9,5,1
2018-05-06,0,189.125,10,,
2018-05-07,0,20.825,11,0,1
2018-05-08,0,223.875,14,5,1
2018-05-09,0,23. Mar,12,,
2018-05-10,5,20.525,9,95,10
2018-05-11,1,15. Jan,8,,
2018-05-12,5,173.375,10,0,1
2018-05-13,2,17.25,12,10,2
2018-05-14,0,188.875,11,5,1
2018-05-15,0,18,9,0,1
2018-05-16,5,205.625,13,21,3
2018-05-17,3,152.875,10,5,1
2018-05-18,7,14.75,9,0,1
2018-05-19,6,149.125,8,0,1
2018-05-20,0,18. Sep,13,5,1
2018-05-21,0,185.125,16,5,1
2018-05-22,0,20.325,13,5,1
2018-05-23,0,201.625,10,0,1
2018-05-24,0,20.35,15,5,1
2018-05-25,0,19.775,16,5,1
2018-05-26,0,19.875,11,5,1
2018-05-27,7,16.425,12,20,3
2018-05-28,2,202.125,10,5,1
2018-05-29,0,234.625,14,5,1
2018-05-30,1,231.875,11,17,2
2018-05-31,0,218.875,14,5,1
2018-06-01,0,21.375,12,5,1
2018-06-02,1,228.875,10,5,1
2018-06-03,7,19.275,9,0,1
2018-06-04,5,19.25,14,20,3
2018-06-05,0,19. Jul,10,5,1
2018-06-06,0,22.15,14,5,1
2018-06-07,0,236.875,10,,
2018-06-08,0,227.375,9,0,1
2018-06-09,6,221.125,7,61,7
2018-06-10,7,19. Jan,8,61,7
2018-06-11,6,185.125,15,,
2018-06-12,8,153.125,12,20,3
2018-06-13,7,16. Apr,14,61,7
2018-06-14,5,20. Sep,10,,
2018-06-15,4,19. Feb,7,0,1
2018-06-16,5,21.325,7,95,10
2018-06-17,5,18.275,12,61,7
2018-06-18,7,176.375,9,61,7
2018-06-19,3,192.375,16,21,3
2018-06-20,3,23.65,13,0,1
2018-06-21,7,115.625,15,65,7
2018-06-22,5,15.575,20,61,7
2018-06-23,7,14. Mar,18,61,7
2018-06-24,6,162.375,10,21,3
2018-06-25,6,17.175,13,21,3
2018-06-26,3,20.075,6,21,3
2018-06-27,0,220.125,11,5,1
2018-06-28,0,22.125,9,0,1
2018-06-29,0,21.85,15,5,1
2018-06-30,0,212.375,10,5,1
2018-07-01,0,210.625,12,5,1
2018-07-02,0,22.525,11,5,1
2018-07-03,0,224.875,9,5,1
2018-07-04,5,19. Jul,9,,
2018-07-05,7,17. May,12,20,3
2018-07-06,0,205.125,18,5,1
2018-07-07,0,20.25,19,5,1
2018-07-08,0,23,10,5,1
2018-07-09,6,16.75,18,0,1
2018-07-10,2,18.675,15,5,1
2018-07-11,7,19.625,12,21,3
2018-07-12,1,26.075,14,,
2018-07-13,0,23.975,13,5,1
2018-07-14,7,177.625,12,0,1
2018-07-15,2,23. Feb,9,5,1
2018-07-16,0,24.25,9,5,1
2018-07-17,0,26.775,10,,
2018-07-18,3,23.866.666,13,0,1
2018-07-19,2,22.575,13,,
2018-07-20,0,22.775,9,0,1
2018-07-21,0,250.625,10,0,1
2018-07-22,1,250.375,13,5,1
2018-07-23,3,248.375,10,,
2018-07-24,0,28. Jan,10,5,1
2018-07-25,1,28.425,11,61,7
2018-07-26,0,28.875,12,5,1
2018-07-27,0,275.875,16,5,1
2018-07-28,3,28.75,11,95,10
2018-07-29,0,24.55,6,,
2018-07-30,6,277.875,10,21,3
2018-07-31,5,312.875,11,,
2018-08-01,0,237.625,10,0,1
2018-08-02,0,261.875,10,0,1
2018-08-03,1,276.625,10,0,1
2018-08-04,4,251.375,12,,
2018-08-05,7,21. Mar,14,61,7
2018-08-06,0,23. Jan,5,0,1
2018-08-07,0,32.671.428,7,,
2018-08-08,4,28.15,10,,
2018-08-09,5,24.575,13,21,3
2018-08-10,5,17.325,16,61,7
2018-08-11,6,15. May,13,61,7
2018-08-12,7,18.375,9,61,7
2018-08-13,7,219.125,8,61,7
2018-08-14,5,21. Aug,16,61,7
2018-08-15,6,219.875,13,21,3
2018-08-16,3,25.075,9,0,1
2018-08-17,7,19.55,9,61,7
2018-08-18,4,21.75,10,,
2018-08-19,7,213.875,10,,
2018-08-20,6,19. Jun,13,21,3
2018-08-21,4,197.875,8,,
2018-08-22,0,266.375,8,,
2018-08-23,5,22.575,11,5,1
2018-08-24,5,17. Jan,15,61,7
2018-08-25,7,12. Sep,6,63,7
2018-08-26,3,169.875,12,21,3
2018-08-27,6,165.375,13,63,7
2018-08-28,6,186.125,9,61,7
2018-08-29,0,22. Jul,12,0,1
2018-08-30,7,154.625,13,63,7
2018-08-31,4,18.725,11,0,1
2018-09-01,2,181.125,8,,
2018-09-02,1,18.95,11,5,1
2018-09-03,2,210.125,13,21,3
2018-09-04,1,20.525,11,5,1
2018-09-05,2,202.875,11,0,1
2018-09-06,0,21.275,11,0,1
2018-09-07,7,17.475,12,61,7
2018-09-10,5,192.375,12,,
2018-09-11,7,16.55,12,61,7
2018-09-12,7,14. Mar,11,61,7
2018-09-13,4,173.375,7,0,1
2018-09-14,3,171.125,9,,
2018-09-21,6,14.957.142,16,61,7
2018-09-22,4,13.025,20,61,7
2018-09-23,6,Nov 65,6,61,7
2018-09-24,2,112.875,17,21,3
2018-09-25,3,127.625,9,0,1
2018-09-26,7,142.375,16,61,7
2018-09-27,7,17. Jun,13,0,1
2018-09-28,1,128.625,15,21,3
2018-09-29,6,13. Jan,10,61,7
2018-09-30,5,139.625,12,21,3
2018-10-01,5,111.625,12,21,3
2018-10-02,6,10,18,61,7
2018-10-03,4,122.875,18,21,3
2018-10-04,7,142.625,8,61,7
2018-10-05,0,181.125,8,5,1
2018-10-06,1,143.375,6,10,2
2018-10-07,1,11. Apr,10,5,1
2018-10-08,5,130.625,10,,
2018-10-09,3,15.125,9,0,1
2018-10-10,0,17. Jan,6,10,2
2018-10-11,0,19.633.333,7,0,1
2018-10-12,0,214.125,7,,
2018-10-15,0,207.875,6,0,1
2018-10-16,7,190.625,6,10,2
2018-10-17,2,208.375,5,5,1
2018-10-18,1,12.816.666,12,5,1
2018-10-19,3,10.925,6,5,1
2018-10-22,2,11. Jan,14,0,1
2018-10-23,7,11.925,23,63,7
2018-10-24,4,10.357.142,11,0,1
2018-10-25,6,11.125,19,21,3
2018-10-26,7,10.325,9,63,7
2018-10-27,7,58.375,13,63,7
2018-10-28,2,55.875,14,0,1
2018-10-29,7,73.625,17,21,3
2018-10-30,7,106.375,11,20,3
2018-10-31,5,09. Sep,10,0,1
2018-11-01,5,11.725,8,0,1
2018-11-02,6,10.675,12,61,7
2018-11-03,0,08. Jul,5,10,2
2018-11-04,8,8.225,5,10,2
2018-11-05,8,104.125,6,10,2
2018-11-06,7,85.375,5,45,5
2018-11-07,1,110.875,4,28,3
2018-11-08,6,11.625,7,20,3
2018-11-09,7,09. Mar,6,61,7
2018-11-10,7,11.425,8,61,7
2018-11-11,7,122.375,8,61,7
2018-11-12,7,105.375,4,61,7
2018-11-13,7,10.325,9,61,7
2018-11-14,7,84.375,7,10,2
2018-11-15,2,Oct 35,6,5,1
2018-11-16,0,82.625,7,10,2
2018-11-17,0,5.375,10,10,2
2018-11-18,7,Jun 75,14,0,1
2018-11-19,6,5.775,21,61,7
2018-11-20,7,4.725,16,,
2018-11-21,7,03. May,12,0,1
2018-11-22,8,15.125,9,21,3
2018-11-23,8,18.875,6,10,2
2018-11-24,8,3.025,4,10,2
2018-11-25,8,51.625,12,53,6
2018-11-26,7,Apr 95,12,61,7
2018-11-27,8,21.625,3,,
2018-11-28,3,01. May,10,5,1
2018-11-29,7,03. Mar,10,61,7
2018-11-30,5,78.375,8,,
2018-12-01,7,71.625,8,61,7
2018-12-02,7,Aug 15,8,61,7
2018-12-03,7,10.825,12,61,7
2018-12-04,1,5.442.857,14,21,3
2018-12-05,1,37.375,6,0,1
2018-12-06,7,6.725,7,61,7
2018-12-07,7,10.825,9,61,7
2018-12-08,8,7.475,18,61,7
2018-12-09,7,Jun 95,18,61,7
2018-12-10,5,49.125,15,21,3
2018-12-11,6,46.375,11,,
2018-12-12,7,4.175,12,21,3
2018-12-13,7,2.925,10,61,7
2018-12-14,7,2.175,12,22,3
2018-12-15,7,0.5375,7,,
2018-12-16,7,0.2,9,,
2018-12-17,8,0.65,6,20,3
2018-12-18,7,53.125,6,21,3
2018-12-19,7,3.175,9,61,7
2018-12-20,7,48.875,4,53,6
2018-12-21,7,61.125,9,61,7
2018-12-22,8,04. Mar,4,,
2018-12-23,7,Jun 45,9,61,7
2018-12-24,7,02. May,10,22,3
2018-12-25,7,63.625,16,,
2018-12-26,7,79.125,12,0,1
2018-12-27,7,7.125,12,20,3
2018-12-28,7,73.125,11,61,7
2018-12-29,8,7.675,10,61,7
2018-12-30,2,6.675,16,,
2018-12-31,7,73.875,13,45,5
2019-01-01,6,62.875,26,21,3
2019-01-02,0,39.125,20,0,1
2019-01-03,2,0.725,6,,
2019-01-04,7,May 55,15,61,7
2019-01-05,5,Jul 85,8,21,3
2019-01-06,7,Mar 65,7,61,7
2019-01-07,8,59.375,8,55,6
2019-01-08,6,05. May,19,21,3
2019-01-09,7,31.375,22,0,1
2019-01-10,7,01. Apr,7,,
2019-01-11,6,68.625,15,61,7
2019-01-12,7,60.875,13,61,7
2019-01-13,7,76.875,20,61,7
2019-01-14,2,19.375,18,5,1
2019-01-15,7,66.625,18,61,7
2019-01-16,7,72.125,14,61,7
2019-01-17,7,41.875,15,61,7
2019-01-18,1,12.625,7,0,1
2019-01-19,2,0.925,4,49,5
2019-01-20,1,0.85,4,10,2
2019-01-21,6,-0.425,9,71,8
2019-01-22,5,0.1375,9,10,2
2019-01-23,4,-3.075,7,10,2
2019-01-24,8,-48.125,6,22,3
2019-01-25,8,-33.875,6,71,8
2019-01-26,7,38.375,7,61,7
2019-01-27,8,49.375,7,61,7
2019-01-28,8,Feb 75,5,20,3
2019-01-29,6,1.575,7,68,7
2019-01-30,5,01. Jun,10,,
2019-01-31,7,01. Apr,7,20,3
2019-02-01,7,-0.075,12,10,2
2019-02-02,8,17.375,10,10,2
2019-02-03,1,02. May,9,0,1
2019-02-04,7,Feb 95,12,,
2019-02-05,7,46.375,11,61,7
2019-02-06,7,36.625,11,61,7
2019-02-07,7,60.375,10,61,7
2019-02-08,7,06. May,11,61,7
2019-02-09,7,07. Apr,18,61,7
2019-02-10,7,5.125,7,61,7
2019-02-11,2,59.375,16,0,1
2019-02-12,4,5.225,12,20,3
2019-02-13,8,75.375,13,20,3
2019-02-14,3,07. Apr,10,10,2
2019-02-15,0,113.375,7,0,1
2019-02-16,0,10.425,12,5,1
2019-02-17,3,11.625,5,5,1
2019-02-18,0,11.725,7,0,1
2019-02-19,7,Jun 75,15,63,7
2019-02-20,7,Jul 34,11,61,7
2019-02-21,8,7.675,12,61,7
2019-02-22,4,4.125,11,0,1
2019-02-23,6,4.775,6,,
2019-02-24,0,96.875,9,5,1
2019-02-25,0,98.125,9,21,3
2019-02-26,0,Oct 85,7,5,1
2019-02-27,1,134.125,10,5,1
2019-02-28,5,78.875,11,21,3
2019-03-01,7,56.375,8,,
2019-03-02,7,05. Apr,7,,
2019-03-03,6,8.975,13,61,7
2019-03-04,6,75.375,20,61,7
2019-03-05,5,68.875,17,61,7
2019-03-06,7,67.625,9,61,7
2019-03-07,6,Sep 65,19,61,7
2019-03-08,5,68.875,26,61,7
2019-03-09,6,Jun 35,22,63,7
2019-03-10,6,68.875,10,21,3
2019-03-11,5,4.075,6,61,7
2019-03-12,6,5.425,13,61,7
2019-03-13,7,05. Aug,15,63,7
2019-03-14,7,55.625,12,61,7
2019-03-15,7,74.875,25,61,7
2019-03-16,7,55.875,11,61,7
2019-03-17,5,07. Apr,20,21,3
2019-03-18,5,6.325,21,61,7
2019-03-19,3,70.125,11,5,1
2019-03-20,8,82.875,12,53,6
2019-03-21,8,10.225,14,10,2
2019-03-22,7,09. Jul,6,20,3
2019-03-23,6,102.625,15,10,2
2019-03-24,4,76.625,12,0,1
2019-03-25,4,73.375,17,21,3
2019-03-26,7,78.375,16,21,3
2019-03-27,8,8.375,14,61,7
2019-03-28,8,10. Jul,9,,
2019-03-29,5,121.125,11,21,3
2019-03-30,1,15. May,11,5,1
2019-03-31,0,76.625,13,5,1
2019-04-01,0,08. May,13,5,1
2019-04-02,0,11.685.714,10,5,1
2019-04-03,7,9.875,9,63,7
2019-04-05,2,120.625,10,5,1
2019-04-06,0,127.625,10,10,2
2019-04-07,0,128.375,8,5,1
2019-04-08,1,91.125,16,5,1
2019-04-09,1,66.625,15,5,1
2019-04-10,0,6.275,14,5,1
2019-04-11,7,53.375,12,22,3
2019-04-12,5,52.125,11,22,3
2019-04-13,7,3.475,16,68,7
2019-04-14,7,59.375,16,61,7
2019-04-15,2,Jul 35,14,5,1
2019-04-16,0,84.375,15,5,1
2019-04-17,0,116.625,14,5,1
2019-04-18,0,130.125,14,5,1
2019-04-19,0,14. Jan,12,5,1
2019-04-20,0,13.125,8,,
2019-04-21,0,168.125,10,,
2019-04-22,0,15.775,16,5,1
2019-04-23,0,14.225,19,5,1
2019-04-24,2,17.65,10,21,3
2019-04-25,0,196.125,7,,
2019-04-26,7,14.975,16,95,10
2019-04-27,5,162.125,13,0,1
2019-04-28,7,Sep 85,10,61,7
2019-04-29,3,136.125,12,10,2
2019-04-30,6,17.65,11,0,1
2019-05-01,7,92.625,15,20,3
2019-05-02,7,Aug 95,16,61,7
2019-05-03,6,87.625,18,21,3
2019-05-04,5,07. Mar,15,61,7
2019-05-05,5,106.875,15,,
2019-05-06,3,91.625,18,61,7
2019-05-07,3,96.625,14,21,3
2019-05-08,6,128.125,8,61,7
2019-05-09,6,15,7,61,7
2019-05-10,7,104.625,11,61,7
2019-05-11,1,11.525,9,,
2019-05-12,1,130.125,16,5,1
2019-05-13,1,127.125,11,5,1
2019-05-14,7,123.375,9,,
2019-05-15,2,13. Sep,11,,
2019-05-16,7,12.475,15,61,7
2019-05-17,7,Nov 95,11,10,2
2019-05-18,3,164.875,13,5,1
2019-05-19,4,142.375,12,10,2
2019-05-20,3,168.125,9,28,3
2019-05-21,7,16.425,10,61,7
2019-05-22,6,12. Jan,15,61,7
2019-05-23,5,182.375,10,0,1
2019-05-24,2,184.125,17,0,1
2019-05-25,7,135.375,14,,
2019-05-26,7,13.625,10,61,7
2019-05-27,6,152.625,13,,
2019-05-28,6,131.625,12,,
2019-05-29,3,133.625,8,0,1
2019-05-30,7,140.125,9,61,7
2019-05-31,7,18.85,14,,
2019-06-01,6,195.625,15,0,1
2019-06-02,2,24.35,8,,
2019-06-03,6,22.225,12,21,3
2019-06-04,7,160.625,10,61,7
2019-06-05,5,229.125,11,,
2019-06-06,6,19. May,13,61,7
2019-06-07,1,17.45,10,,
2019-06-08,7,162.375,13,61,7
2019-06-09,5,18.65,10,,
2019-06-10,7,16.125,14,61,7
2019-06-11,6,181.375,6,95,10
2019-06-12,7,166.625,10,95,10
2019-06-13,0,22.175,11,,
2019-06-14,5,22. Sep,9,95,10
2019-06-15,7,182.125,12,95,10
2019-06-16,6,203.875,8,0,1
2019-06-17,3,21.875,9,,
2019-06-18,5,251.125,6,95,10
2019-06-19,3,25.95,8,17,2
2019-06-20,6,19.275,8,21,3
2019-06-21,6,181.625,11,,
2019-06-22,6,17.025,9,5,1
2019-06-23,1,20.375,12,5,1
2019-06-24,6,21.875,13,,
2019-06-25,3,28.775,7,,
2019-06-26,0,260.375,16,5,1
2019-06-27,6,17.175,14,,
2019-06-28,1,20.225,7,,
2019-06-29,0,240.375,8,0,1
2019-06-30,0,273.375,19,5,1
2019-07-01,5,20.25,20,0,1
2019-07-02,6,151.875,18,21,3
2019-07-03,5,16. May,13,21,3
2019-07-04,7,159.625,15,61,7
2019-07-05,7,157.375,13,61,7
2019-07-06,7,159.125,17,61,7
2019-07-07,7,144.625,16,,
2019-07-08,7,160.125,15,61,7
2019-07-09,7,16.625,13,20,3
2019-07-10,1,192.125,11,,
2019-07-11,7,176.125,6,53,6
2019-07-12,7,18.475,7,61,7
2019-07-13,7,19. Sep,12,20,3
2019-07-14,8,153.625,9,20,3
2019-07-15,7,155.875,16,,
2019-07-16,5,191.125,14,0,1
2019-07-17,4,175.375,6,0,1
2019-07-18,6,21.25,8,0,1
2019-07-19,6,210.875,11,21,3
2019-07-20,7,24.35,14,95,10
2019-07-21,8,18. Sep,16,21,3
2019-07-22,7,166.375,5,61,7
2019-07-23,0,26. Jan,9,0,1
2019-07-24,0,276.875,10,0,1
2019-07-25,6,29.725,11,,
2019-07-26,0,26.925,14,5,1
2019-07-27,4,235.375,21,5,1
2019-07-28,3,23.35,14,5,1
2019-07-29,6,25.25,7,61,7
2019-07-30,7,207.375,8,61,7
2019-07-31,6,20.45,7,61,7
2019-08-01,5,210.625,9,61,7